/* The PSP firmware 6.61 background model (system_plugin_bg.rco, mdl_bg), a GMO file, unpacked from the stock RCO. */
static const unsigned char wave_stock_gmo[29248] = {
	0x4f,0x4d,0x47,0x2e,0x30,0x30,0x2e,0x31,0x50,0x53,0x50,0x00,0x00,0x00,0x00,0x00,0x02,0x00,0x10,0x00,0x30,0x72,0x00,0x00,
	0x10,0x00,0x00,0x00,0x10,0x00,0x00,0x00,0x03,0x00,0x28,0x00,0x20,0x72,0x00,0x00,0x28,0x00,0x00,0x00,0x28,0x00,0x00,0x00,
	0x70,0x73,0x70,0x5f,0x6c,0x6f,0x6f,0x70,0x5f,0x30,0x34,0x5f,0x73,0x70,0x65,0x65,0x64,0x31,0x2e,0x6d,0x61,0x78,0x00,0x00,
	0x14,0x80,0x00,0x00,0x20,0x00,0x00,0x00,0xa3,0xe2,0x0f,0xc2,0x0e,0xd7,0x90,0xc1,0x75,0xa3,0x77,0xc1,0xb9,0x37,0x0b,0x42,
	0xe2,0xe8,0x74,0x41,0x6f,0xb0,0x91,0x41,0x04,0x00,0x14,0x00,0x9c,0x00,0x00,0x00,0x14,0x00,0x00,0x00,0x14,0x00,0x00,0x00,
	0x4a,0x32,0x00,0x00,0x43,0x80,0x00,0x00,0x14,0x00,0x00,0x00,0x02,0x00,0x00,0x00,0x00,0x00,0x80,0x3f,0x00,0x00,0x00,0x00,
	0x47,0x80,0x00,0x00,0x48,0x00,0x00,0x00,0x00,0x00,0x80,0x3f,0x00,0x00,0x00,0x00,0x00,0x00,0x00,0x00,0x00,0x00,0x00,0x00,
	0x00,0x00,0x00,0x00,0x76,0x1b,0x44,0x3f,0xc1,0x8d,0x24,0xbf,0x00,0x00,0x00,0x00,0x00,0x00,0x00,0x00,0xc1,0x8d,0x24,0x3f,
	0x76,0x1b,0x44,0x3f,0x00,0x00,0x00,0x00,0x00,0x00,0x00,0x00,0x00,0x00,0x00,0x00,0x00,0x00,0x00,0x00,0x00,0x00,0x80,0x3f,
	0x4e,0x80,0x00,0x00,0x0c,0x00,0x00,0x00,0x00,0x10,0x05,0x00,0x14,0x80,0x00,0x00,0x20,0x00,0x00,0x00,0xa3,0xe2,0x0f,0xc2,
	0x6c,0xbd,0x54,0xc1,0xf1,0x20,0x45,0xc1,0xb9,0x37,0x0b,0x42,0x0f,0x54,0x16,0x41,0x84,0xdb,0x49,0x41,0x05,0x00,0x14,0x00,
	0xcc,0x19,0x00,0x00,0x14,0x00,0x00,0x00,0x14,0x00,0x00,0x00,0x4a,0x32,0x00,0x00,0x06,0x00,0x18,0x00,0xdc,0x02,0x00,0x00,
	0x18,0x00,0x00,0x00,0x18,0x00,0x00,0x00,0x6d,0x65,0x73,0x68,0x2d,0x30,0x00,0x00,0x61,0x80,0x00,0x00,0x0c,0x00,0x00,0x00,
	0x00,0x20,0x08,0x00,0x64,0x80,0x00,0x00,0x74,0x00,0x00,0x00,0x32,0x36,0x00,0x00,0x00,0x00,0x00,0x00,0x00,0x00,0x00,0x00,
	0x00,0x00,0x00,0x00,0x00,0x00,0xa7,0x94,0x57,0x3d,0x21,0x94,0xd7,0x3d,0x3a,0xaf,0x21,0x3e,0x21,0x94,0x57,0x3e,0xa5,0xbc,
	0x86,0x3e,0x19,0xaf,0xa1,0x3e,0xad,0xa1,0xbc,0x3e,0x42,0x94,0xd7,0x3e,0xb6,0x86,0xf2,0x3e,0xa5,0xbc,0x06,0x3f,0xdf,0x35,
	0x14,0x3f,0x29,0xaf,0x21,0x3f,0x74,0x28,0x2f,0x3f,0xad,0xa1,0x3c,0x3f,0xf8,0x1a,0x4a,0x3f,0x31,0x94,0x57,0x3f,0x7c,0x0d,
	0x65,0x3f,0xb6,0x86,0x72,0x3f,0x00,0x00,0x80,0x3f,0x00,0x00,0x80,0x3f,0x00,0x00,0x80,0x3f,0x00,0x00,0x80,0x3f,0x00,0x00,
	0x65,0x80,0x00,0x00,0x48,0x00,0x00,0x00,0x31,0x35,0x00,0x00,0x00,0x00,0x00,0x00,0x00,0x00,0x00,0x00,0x00,0x00,0x00,0x00,
	0x00,0x00,0xab,0x98,0x4a,0x3d,0xc0,0x75,0x45,0x3e,0x8a,0x22,0xac,0x3e,0x33,0x8a,0xf5,0x3e,0xee,0x78,0x1f,0x3f,0xc3,0x2c,
	0x44,0x3f,0x98,0xe0,0x68,0x3f,0x00,0x00,0x80,0x3f,0x00,0x00,0x80,0x3f,0x00,0x00,0x80,0x3f,0x00,0x00,0x80,0x3f,0x00,0x00,
	0x68,0x80,0x00,0x00,0xfc,0x01,0x00,0x00,0x00,0x10,0x07,0x00,0x04,0xf0,0x00,0x00,0x16,0x00,0x00,0x00,0x0b,0x00,0x00,0x00,
	0x00,0x00,0x01,0x00,0x02,0x00,0x03,0x00,0x04,0x00,0x05,0x00,0x06,0x00,0x07,0x00,0x08,0x00,0x09,0x00,0x0a,0x00,0x0b,0x00,
	0x0c,0x00,0x0d,0x00,0x0e,0x00,0x0f,0x00,0x10,0x00,0x11,0x00,0x12,0x00,0x13,0x00,0x14,0x00,0x15,0x00,0x16,0x00,0x17,0x00,
	0x18,0x00,0x19,0x00,0x1a,0x00,0x1b,0x00,0x1c,0x00,0x1d,0x00,0x1e,0x00,0x1f,0x00,0x20,0x00,0x21,0x00,0x22,0x00,0x23,0x00,
	0x24,0x00,0x25,0x00,0x26,0x00,0x27,0x00,0x28,0x00,0x29,0x00,0x2a,0x00,0x2b,0x00,0x2c,0x00,0x2d,0x00,0x2e,0x00,0x2f,0x00,
	0x30,0x00,0x31,0x00,0x32,0x00,0x33,0x00,0x34,0x00,0x35,0x00,0x36,0x00,0x37,0x00,0x38,0x00,0x39,0x00,0x3a,0x00,0x3b,0x00,
	0x3c,0x00,0x3d,0x00,0x3e,0x00,0x3f,0x00,0x40,0x00,0x41,0x00,0x42,0x00,0x43,0x00,0x44,0x00,0x45,0x00,0x46,0x00,0x47,0x00,
	0x48,0x00,0x49,0x00,0x4a,0x00,0x4b,0x00,0x4c,0x00,0x4d,0x00,0x4e,0x00,0x4f,0x00,0x50,0x00,0x51,0x00,0x52,0x00,0x53,0x00,
	0x54,0x00,0x55,0x00,0x56,0x00,0x57,0x00,0x58,0x00,0x59,0x00,0x5a,0x00,0x5b,0x00,0x5c,0x00,0x5d,0x00,0x5e,0x00,0x5f,0x00,
	0x60,0x00,0x61,0x00,0x62,0x00,0x63,0x00,0x64,0x00,0x65,0x00,0x66,0x00,0x67,0x00,0x68,0x00,0x69,0x00,0x6a,0x00,0x6b,0x00,
	0x6c,0x00,0x6d,0x00,0x6e,0x00,0x6f,0x00,0x70,0x00,0x71,0x00,0x72,0x00,0x73,0x00,0x74,0x00,0x75,0x00,0x76,0x00,0x77,0x00,
	0x78,0x00,0x79,0x00,0x7a,0x00,0x7b,0x00,0x7c,0x00,0x7d,0x00,0x7e,0x00,0x7f,0x00,0x80,0x00,0x81,0x00,0x82,0x00,0x83,0x00,
	0x84,0x00,0x85,0x00,0x86,0x00,0x87,0x00,0x88,0x00,0x89,0x00,0x8a,0x00,0x8b,0x00,0x8c,0x00,0x8d,0x00,0x8e,0x00,0x8f,0x00,
	0x90,0x00,0x91,0x00,0x92,0x00,0x93,0x00,0x94,0x00,0x95,0x00,0x96,0x00,0x97,0x00,0x98,0x00,0x99,0x00,0x9a,0x00,0x9b,0x00,
	0x9c,0x00,0x9d,0x00,0x9e,0x00,0x9f,0x00,0xa0,0x00,0xa1,0x00,0xa2,0x00,0xa3,0x00,0xa4,0x00,0xa5,0x00,0xa6,0x00,0xa7,0x00,
	0xa8,0x00,0xa9,0x00,0xaa,0x00,0xab,0x00,0xac,0x00,0xad,0x00,0xae,0x00,0xaf,0x00,0xb0,0x00,0xb1,0x00,0xb2,0x00,0xb3,0x00,
	0xb4,0x00,0xb5,0x00,0xb6,0x00,0xb7,0x00,0xb8,0x00,0xb9,0x00,0xba,0x00,0xbb,0x00,0xbc,0x00,0xbd,0x00,0xbe,0x00,0xbf,0x00,
	0xc0,0x00,0xc1,0x00,0xc2,0x00,0xc3,0x00,0xc4,0x00,0xc5,0x00,0xc6,0x00,0xc7,0x00,0xc8,0x00,0xc9,0x00,0xca,0x00,0xcb,0x00,
	0xcc,0x00,0xcd,0x00,0xce,0x00,0xcf,0x00,0xd0,0x00,0xd1,0x00,0xd2,0x00,0xd3,0x00,0xd4,0x00,0xd5,0x00,0xd6,0x00,0xd7,0x00,
	0xd8,0x00,0xd9,0x00,0xda,0x00,0xdb,0x00,0xdc,0x00,0xdd,0x00,0xde,0x00,0xdf,0x00,0xe0,0x00,0xe1,0x00,0xe2,0x00,0xe3,0x00,
	0xe4,0x00,0xe5,0x00,0xe6,0x00,0xe7,0x00,0xe8,0x00,0xe9,0x00,0xea,0x00,0xeb,0x00,0xec,0x00,0xed,0x00,0xee,0x00,0xef,0x00,
	0xf0,0x00,0xf1,0x00,0x07,0x00,0x1c,0x00,0xdc,0x16,0x00,0x00,0xdc,0x16,0x00,0x00,0x2c,0x00,0x00,0x00,0x61,0x72,0x72,0x61,
	0x79,0x73,0x2d,0x30,0x00,0x00,0x00,0x00,0x80,0x11,0x04,0x0c,0xf2,0x00,0x00,0x00,0x01,0x00,0x00,0x00,0x00,0x00,0x00,0x00,
	0xa3,0xe2,0x0f,0xc2,0x6f,0x30,0x2f,0xc1,0xce,0x00,0xe5,0x40,0xa3,0xe2,0x0f,0xc2,0x8a,0xe5,0xde,0xbf,0xbf,0xb0,0x40,0x41,
	0xa3,0xe2,0x0f,0xc2,0x3c,0x7f,0x1a,0xc1,0xef,0x28,0x14,0x41,0xa3,0xe2,0x0f,0xc2,0x80,0x10,0x05,0x3f,0x60,0xcd,0x41,0x41,
	0xa3,0xe2,0x0f,0xc2,0xf7,0x57,0xa6,0xc0,0x84,0xdb,0x49,0x41,0xa3,0xe2,0x0f,0xc2,0xe0,0x8e,0xa4,0x40,0xfa,0x28,0x27,0x41,
	0xa3,0xe2,0x0f,0xc2,0x5b,0xb2,0x27,0x40,0x5a,0x02,0x45,0x41,0xa3,0xe2,0x0f,0xc2,0xe7,0xba,0x08,0x41,0xb6,0xca,0xa4,0x40,
	0xa2,0xe2,0x0f,0xc2,0xd0,0x70,0xfd,0x40,0x41,0xd5,0xfa,0x40,0xa3,0xe2,0x0f,0xc2,0xed,0xf3,0x05,0x41,0xf5,0x4c,0x2f,0x3d,
	0xa2,0xe2,0x0f,0xc2,0x3f,0x48,0x15,0x41,0xd7,0x69,0x0a,0x40,0xa2,0xe2,0x0f,0xc2,0x36,0xcd,0xc7,0x40,0x35,0x09,0x58,0xc0,
	0xa2,0xe2,0x0f,0xc2,0xab,0x23,0xfa,0x40,0x04,0x1c,0x15,0xc0,0xa2,0xe2,0x0f,0xc2,0x9c,0xc1,0x61,0x40,0x2e,0x53,0xa7,0xc0,
	0xa3,0xe2,0x0f,0xc2,0x25,0xc0,0xa1,0x40,0x54,0x8e,0x9e,0xc0,0xa3,0xe2,0x0f,0xc2,0x06,0x2a,0x0f,0x3f,0xa5,0xa2,0xbe,0xc0,
	0xa3,0xe2,0x0f,0xc2,0x08,0x91,0x01,0x40,0x94,0xcc,0xc2,0xc0,0xa3,0xe2,0x0f,0xc2,0xa5,0xf8,0x27,0xc0,0x4b,0xf7,0xab,0xc0,
	0xa3,0xe2,0x0f,0xc2,0xb1,0x18,0x85,0xbf,0xa3,0x69,0xc0,0xc0,0xa3,0xe2,0x0f,0xc2,0x05,0xa5,0xaa,0xc0,0xd9,0x26,0x42,0xc0,
	0xa3,0xe2,0x0f,0xc2,0xf6,0x27,0x77,0xc0,0xe8,0xb0,0x92,0xc0,0xa3,0xe2,0x0f,0xc2,0x5b,0xfb,0xc8,0xc0,0x69,0xa9,0x40,0x3f,
	0xa3,0xe2,0x0f,0xc2,0x5c,0x90,0xb5,0xc0,0xc2,0xfb,0xe4,0xbf,0xa3,0xe2,0x0f,0xc2,0x32,0xb9,0x93,0xc0,0xba,0xf9,0x90,0x40,
	0xa3,0xe2,0x0f,0xc2,0xf4,0x24,0xb4,0xc0,0xee,0x25,0xd3,0x3f,0xa3,0xe2,0x0f,0xc2,0x39,0xb8,0x58,0xbf,0xf0,0x30,0xce,0x40,
	0xa3,0xe2,0x0f,0xc2,0x70,0xb1,0x65,0xc0,0xac,0xd4,0x8c,0x40,0xa3,0xe2,0x0f,0xc2,0xb1,0x17,0x4f,0x40,0xa2,0x6f,0xaf,0x40,
	0xa3,0xe2,0x0f,0xc2,0xf7,0x90,0xe8,0xbe,0x10,0x5b,0xaa,0x40,0xa3,0xe2,0x0f,0xc2,0x8a,0x4b,0xb3,0x40,0xe6,0x3d,0x0e,0x40,
	0xa3,0xe2,0x0f,0xc2,0x35,0x40,0xff,0x3f,0xa9,0xc0,0x53,0x40,0xa3,0xe2,0x0f,0xc2,0x37,0x6d,0x8a,0x40,0x40,0xa3,0xee,0xbf,
	0xa3,0xe2,0x0f,0xc2,0x36,0x94,0x0d,0x40,0x9b,0x04,0x87,0xbe,0xa3,0xe2,0x0f,0xc2,0x13,0x7d,0x9e,0x3d,0xd3,0xeb,0x85,0xc0,
	0xa3,0xe2,0x0f,0xc2,0x04,0x1d,0xfd,0xbe,0x0b,0x63,0x4c,0xc0,0xa3,0xe2,0x0f,0xc2,0xeb,0xe6,0xa3,0xc0,0x1f,0x65,0x34,0xc0,
	0xa3,0xe2,0x0f,0xc2,0x58,0xd6,0xf0,0xc0,0x2e,0xd6,0xbe,0xc0,0xa3,0xe2,0x0f,0xc2,0x0d,0xe6,0x2a,0xc1,0x7e,0xfe,0x0c,0x40,
	0xa3,0xe2,0x0f,0xc2,0x2e,0x53,0x4f,0xc1,0x27,0x66,0xbd,0xbb,0xa3,0xe2,0x0f,0xc2,0xe5,0xca,0x06,0xc1,0x38,0x7d,0x20,0x41,
	0xa3,0xe2,0x0f,0xc2,0xa3,0xe1,0x43,0xc1,0xbe,0xaf,0xa1,0x40,0xa3,0xe2,0x0f,0xc2,0xd3,0x14,0x80,0xc0,0x1f,0x94,0x3f,0x41,
	0xa3,0xe2,0x0f,0xc2,0x6f,0x30,0x2f,0xc1,0xce,0x00,0xe5,0x40,0xa3,0xe2,0x0f,0xc2,0x8a,0xe5,0xde,0xbf,0xbf,0xb0,0x40,0x41,
	0xb8,0x37,0x0b,0xc2,0x97,0x31,0x2f,0xc1,0x65,0xd0,0xe4,0x40,0xb8,0x37,0x0b,0xc2,0x09,0xa5,0xdf,0xbf,0x16,0x14,0x40,0x41,
	0xb8,0x37,0x0b,0xc2,0x59,0x72,0x1a,0xc1,0x3f,0xf9,0x13,0x41,0xb8,0x37,0x0b,0xc2,0xb9,0x50,0x01,0x3f,0xcc,0x08,0x41,0x41,
	0xb8,0x37,0x0b,0xc2,0x02,0x10,0xa6,0xc0,0x85,0x4e,0x49,0x41,0xb8,0x37,0x0b,0xc2,0x1d,0x0e,0xa3,0x40,0x17,0x1d,0x26,0x41,
	0xb8,0x37,0x0b,0xc2,0xb1,0x86,0x25,0x40,0x11,0xc4,0x43,0x41,0xb8,0x37,0x0b,0xc2,0x6b,0xe9,0x06,0x41,0x56,0xb8,0xa3,0x40,
	0xb7,0x37,0x0b,0xc2,0x2f,0xa6,0xf9,0x40,0xac,0xc5,0xf8,0x40,0xb8,0x37,0x0b,0xc2,0x5a,0xdf,0x03,0x41,0x49,0x67,0xc0,0x3d,
	0xb7,0x37,0x0b,0xc2,0x57,0x90,0x12,0x41,0x1a,0x35,0x0c,0x40,0xb7,0x37,0x0b,0xc2,0x96,0x97,0xc5,0x40,0xc0,0x92,0x50,0xc0,
	0xb7,0x37,0x0b,0xc2,0x92,0x14,0xf6,0x40,0xce,0x52,0x0c,0xc0,0xb7,0x37,0x0b,0xc2,0xab,0x98,0x62,0x40,0x81,0x07,0xa4,0xc0,
	0xb8,0x37,0x0b,0xc2,0x2c,0x47,0xa1,0x40,0x4a,0xfa,0x98,0xc0,0xb8,0x37,0x0b,0xc2,0x24,0x0f,0x18,0x3f,0x92,0x87,0xbd,0xc0,
	0xb8,0x37,0x0b,0xc2,0xdc,0x63,0x06,0x40,0xc2,0x17,0xbf,0xc0,0xb8,0x37,0x0b,0xc2,0xff,0x42,0x29,0xc0,0x6b,0x0b,0xac,0xc0,
	0xb8,0x37,0x0b,0xc2,0xde,0x20,0x76,0xbf,0xe3,0x8b,0xbf,0xc0,0xb8,0x37,0x0b,0xc2,0xf3,0x39,0xad,0xc0,0x41,0x0e,0x3f,0xc0,
	0xb8,0x37,0x0b,0xc2,0x65,0x18,0x76,0xc0,0x40,0xdf,0x92,0xc0,0xb8,0x37,0x0b,0xc2,0x5b,0xde,0xca,0xc0,0x3b,0xa9,0x67,0x3f,
	0xb8,0x37,0x0b,0xc2,0x19,0x70,0xb6,0xc0,0x54,0xa7,0xdf,0xbf,0xb8,0x37,0x0b,0xc2,0x92,0xad,0x91,0xc0,0x00,0xc7,0x97,0x40,
	0xb8,0x37,0x0b,0xc2,0x92,0xda,0xb3,0xc0,0x89,0x7e,0xe1,0x3f,0xb8,0x37,0x0b,0xc2,0x15,0xfe,0x20,0xbf,0xc4,0x22,0xd3,0x40,
	0xb8,0x37,0x0b,0xc2,0xd0,0x80,0x5e,0xc0,0x18,0xc0,0x90,0x40,0xb8,0x37,0x0b,0xc2,0x63,0x29,0x62,0x40,0xef,0x03,0xaf,0x40,
	0xb8,0x37,0x0b,0xc2,0xd7,0xfb,0x7d,0xbe,0x21,0x78,0xab,0x40,0xb8,0x37,0x0b,0xc2,0x65,0x09,0xbb,0x40,0xfe,0x0d,0x01,0x40,
	0xb8,0x37,0x0b,0xc2,0x72,0x33,0x0d,0x40,0x26,0x70,0x4c,0x40,0xb8,0x37,0x0b,0xc2,0x34,0x8e,0x8c,0x40,0x3a,0xe8,0x0b,0xc0,
	0xb8,0x37,0x0b,0xc2,0xee,0x5a,0x14,0x40,0xac,0xfe,0x00,0xbf,0xb8,0x37,0x0b,0xc2,0x67,0x2b,0x8f,0xbd,0xe3,0x7e,0x8f,0xc0,
	0xb8,0x37,0x0b,0xc2,0x96,0xb3,0x0f,0xbf,0xc1,0x71,0x5d,0xc0,0xb8,0x37,0x0b,0xc2,0x54,0x8e,0xad,0xc0,0xac,0xc4,0x3d,0xc0,
	0xb8,0x37,0x0b,0xc2,0x58,0xd6,0xf0,0xc0,0x2e,0xd6,0xbe,0xc0,0xb8,0x37,0x0b,0xc2,0x0d,0xe6,0x2a,0xc1,0x7e,0xfe,0x0c,0x40,
	0xb8,0x37,0x0b,0xc2,0x71,0x83,0x4f,0xc1,0xb4,0x1e,0xbe,0xbb,0xb8,0x37,0x0b,0xc2,0x00,0xb3,0x06,0xc1,0xd7,0x60,0x20,0x41,
	0xb8,0x37,0x0b,0xc2,0xd4,0xf0,0x43,0xc1,0x4b,0xae,0xa1,0x40,0xb8,0x37,0x0b,0xc2,0x38,0xf9,0x7f,0xc0,0x61,0x1f,0x3f,0x41,
	0xb8,0x37,0x0b,0xc2,0x97,0x31,0x2f,0xc1,0x65,0xd0,0xe4,0x40,0xb8,0x37,0x0b,0xc2,0x09,0xa5,0xdf,0xbf,0x16,0x14,0x40,0x41,
	0x8a,0x0a,0xf2,0xc1,0xde,0x28,0x2f,0xc1,0xa7,0xf5,0xe3,0x40,0x8a,0x0a,0xf2,0xc1,0x1c,0x98,0xe2,0xbf,0xab,0xa3,0x3d,0x41,
	0x8a,0x0a,0xf2,0xc1,0xfa,0x31,0x1a,0xc1,0xa2,0x29,0x13,0x41,0x8a,0x0a,0xf2,0xc1,0x1f,0xf4,0xe4,0x3e,0xa0,0xfa,0x3d,0x41,
	0x8a,0x0a,0xf2,0xc1,0xfa,0xe2,0xa4,0xc0,0xb6,0x00,0x47,0x41,0x8a,0x0a,0xf2,0xc1,0x61,0x1a,0x9d,0x40,0x39,0xf8,0x21,0x41,
	0x8a,0x0a,0xf2,0xc1,0x80,0xb8,0x1c,0x40,0xde,0xb8,0x3e,0x41,0x8a,0x0a,0xf2,0xc1,0xac,0x99,0xff,0x40,0x3c,0x87,0x9f,0x40,
	0x8a,0x0a,0xf2,0xc1,0x04,0x8d,0xea,0x40,0xc3,0x90,0xf0,0x40,0x8a,0x0a,0xf2,0xc1,0xf3,0xc7,0xf7,0x40,0x2d,0x94,0x94,0x3e,
	0x8a,0x0a,0xf2,0xc1,0x17,0xf2,0x07,0x41,0xf8,0x36,0x13,0x40,0x8a,0x0a,0xf2,0xc1,0x3b,0x63,0xbd,0x40,0xad,0xdc,0x34,0xc0,
	0x8a,0x0a,0xf2,0xc1,0x02,0x9e,0xe6,0x40,0x4e,0xb4,0xd5,0xbf,0x8a,0x0a,0xf2,0xc1,0x5e,0x81,0x65,0x40,0xeb,0x9d,0x98,0xc0,
	0x8a,0x0a,0xf2,0xc1,0x5f,0x8b,0x9f,0x40,0x4b,0x83,0x84,0xc0,0x8a,0x0a,0xf2,0xc1,0x77,0xf5,0x2e,0x3f,0xcd,0xae,0xba,0xc0,
	0x8a,0x0a,0xf2,0xc1,0xff,0xe6,0x16,0x40,0xb0,0x67,0xb2,0xc0,0x8a,0x0a,0xf2,0xc1,0x46,0x5e,0x33,0xc0,0x0d,0xa9,0xac,0xc0,
	0x8a,0x0a,0xf2,0xc1,0xb5,0x6c,0x3d,0xbf,0x3d,0x19,0xbd,0xc0,0x8a,0x0a,0xf2,0xc1,0xcf,0xaf,0xb9,0xc0,0xe3,0x1c,0x30,0xc0,
	0x8a,0x0a,0xf2,0xc1,0x16,0x6d,0x78,0xc0,0x6e,0x79,0x92,0xc0,0x8a,0x0a,0xf2,0xc1,0x61,0x37,0xd3,0xc0,0xf8,0x1a,0xca,0x3f,
	0x8a,0x0a,0xf2,0xc1,0x4b,0xe8,0xbb,0xc0,0x0a,0x4d,0xbe,0xbf,0x8a,0x0a,0xf2,0xc1,0xac,0xff,0x88,0xc0,0xb3,0xa3,0xb4,0x40,
	0x8a,0x0a,0xf2,0xc1,0x7b,0x68,0xb2,0xc0,0xb1,0x6f,0x14,0x40,0x8a,0x0a,0xf2,0xc1,0x94,0x12,0x8a,0x3e,0xca,0x8b,0xe7,0x40,
	0x8a,0x0a,0xf2,0xc1,0xac,0x54,0x3d,0xc0,0x97,0xd5,0xa2,0x40,0x8a,0x0a,0xf2,0xc1,0xda,0x9d,0x97,0x40,0xab,0x50,0xad,0x40,
	0x8a,0x0a,0xf2,0xc1,0x5c,0xc9,0x2a,0x3f,0x51,0x69,0xb0,0x40,0x8a,0x0a,0xf2,0xc1,0x0e,0xcc,0xd9,0x40,0x8f,0x50,0x99,0x3f,
	0x8a,0x0a,0xf2,0xc1,0xae,0x0f,0x48,0x40,0x5e,0xb9,0x2c,0x40,0x8a,0x0a,0xf2,0xc1,0x2e,0xe6,0x94,0x40,0x67,0x99,0x5c,0xc0,
	0x8a,0x0a,0xf2,0xc1,0xfd,0x4f,0x31,0x40,0x65,0xdf,0xc3,0xbf,0x8a,0x0a,0xf2,0xc1,0xa1,0x2c,0x24,0xbf,0x55,0xa3,0xb4,0xc0,
	0x8a,0x0a,0xf2,0xc1,0xaa,0x60,0x58,0xbf,0x05,0xe0,0x92,0xc0,0x8a,0x0a,0xf2,0xc1,0x50,0xc4,0xd2,0xc0,0xa3,0xe5,0x61,0xc0,
	0x8a,0x0a,0xf2,0xc1,0x58,0xd6,0xf0,0xc0,0x2e,0xd6,0xbe,0xc0,0x8a,0x0a,0xf2,0xc1,0x0d,0xe6,0x2a,0xc1,0x7e,0xfe,0x0c,0x40,
	0x8a,0x0a,0xf2,0xc1,0xd5,0x3a,0x50,0xc1,0xf5,0xd6,0xc0,0xbb,0x8a,0x0a,0xf2,0xc1,0xaf,0x52,0x06,0xc1,0x7c,0xee,0x1f,0x41,
	0x8a,0x0a,0xf2,0xc1,0xc2,0x1f,0x44,0xc1,0x0d,0x98,0xa1,0x40,0x8a,0x0a,0xf2,0xc1,0xa4,0x36,0x7f,0xc0,0xb6,0x4c,0x3d,0x41,
	0x8a,0x0a,0xf2,0xc1,0xde,0x28,0x2f,0xc1,0xa7,0xf5,0xe3,0x40,0x8a,0x0a,0xf2,0xc1,0x1c,0x98,0xe2,0xbf,0xab,0xa3,0x3d,0x41,
	0x95,0x96,0xb2,0xc1,0x23,0xc0,0x2e,0xc1,0xc5,0xae,0xe1,0x40,0x95,0x96,0xb2,0xc1,0x8e,0xe9,0xe7,0xbf,0xbb,0x0a,0x39,0x41,
	0x95,0x96,0xb2,0xc1,0x52,0x62,0x19,0xc1,0x92,0x2e,0x11,0x41,0x95,0x96,0xb2,0xc1,0xf2,0x97,0xae,0x3e,0x75,0x42,0x38,0x41,
	0x95,0x96,0xb2,0xc1,0x70,0x4e,0xa2,0xc0,0x80,0xf2,0x41,0x41,0x95,0x96,0xb2,0xc1,0x5a,0x2c,0x92,0x40,0x2a,0x5c,0x1a,0x41,
	0x95,0x96,0xb2,0xc1,0x7e,0x39,0x0b,0x40,0x4a,0xb3,0x34,0x41,0x95,0x96,0xb2,0xc1,0x1e,0xd2,0xe6,0x40,0xb0,0x39,0x98,0x40,
	0x95,0x96,0xb2,0xc1,0x68,0x97,0xce,0x40,0x3e,0x5e,0xe1,0x40,0x95,0x96,0xb2,0xc1,0xa8,0x48,0xde,0x40,0xd3,0x87,0x1a,0x3f,
	0x95,0x96,0xb2,0xc1,0xf4,0xa6,0xeb,0x40,0x1f,0x2c,0x1f,0x40,0x95,0x96,0xb2,0xc1,0xfa,0x50,0xb2,0x40,0xcd,0x77,0x0f,0xc0,
	0x95,0x96,0xb2,0xc1,0x2d,0x2f,0xcf,0x40,0xb6,0x84,0x60,0xbf,0x95,0x96,0xb2,0xc1,0xb2,0xd9,0x67,0x40,0xc4,0x6a,0x8f,0xc0,
	0x95,0x96,0xb2,0xc1,0x44,0x6c,0x9d,0x40,0x6b,0xf0,0x56,0xc0,0x95,0x96,0xb2,0xc1,0xff,0x08,0x03,0x3f,0xa2,0x24,0xc0,0xc0,
	0x95,0x96,0xb2,0xc1,0x2f,0xfa,0x21,0x40,0x2c,0xe5,0xa9,0xc0,0x95,0x96,0xb2,0xc1,0xd6,0x70,0x67,0xc0,0x3b,0xd5,0xaf,0xc0,
	0x95,0x96,0xb2,0xc1,0x20,0x9b,0x78,0xbf,0x46,0xa7,0xbf,0xc0,0x95,0x96,0xb2,0xc1,0xc7,0xbc,0xde,0xc0,0x4b,0xae,0x03,0xc0,
	0x95,0x96,0xb2,0xc1,0xb8,0xe9,0x94,0xc0,0xa8,0x0b,0x8a,0xc0,0x95,0x96,0xb2,0xc1,0xc3,0x9d,0xe7,0xc0,0x92,0x78,0x4e,0x40,
	0x95,0x96,0xb2,0xc1,0x65,0x37,0xd3,0xc0,0xa4,0xa7,0xc0,0xbe,0x95,0x96,0xb2,0xc1,0x58,0x72,0x6c,0xc0,0x3a,0x13,0xf3,0x40,
	0x95,0x96,0xb2,0xc1,0x7b,0xe8,0xad,0xc0,0xaf,0xc3,0x81,0x40,0x95,0x96,0xb2,0xc1,0x50,0x54,0x02,0x40,0x9a,0xd6,0x07,0x41,
	0x95,0x96,0xb2,0xc1,0xa4,0xe0,0xc9,0xbf,0x75,0x05,0xd3,0x40,0x95,0x96,0xb2,0xc1,0xd4,0x54,0xdd,0x40,0x3c,0x3d,0xaa,0x40,
	0x95,0x96,0xb2,0xc1,0x51,0x32,0x38,0x40,0xde,0x59,0xbc,0x40,0x95,0x96,0xb2,0xc1,0xd4,0xb5,0x06,0x41,0xcd,0x73,0x34,0xbe,
	0x95,0x96,0xb2,0xc1,0x08,0x80,0xa6,0x40,0x6a,0x31,0xca,0x3f,0x95,0x96,0xb2,0xc1,0xb4,0x01,0xa2,0x40,0x77,0xae,0xad,0xc0,
	0x95,0x96,0xb2,0xc1,0x8e,0xcb,0x6f,0x40,0x93,0xac,0x6f,0xc0,0x95,0x96,0xb2,0xc1,0x6c,0x07,0xbf,0xbf,0x4d,0xf6,0xeb,0xc0,
	0x95,0x96,0xb2,0xc1,0xe4,0x83,0xb8,0xbf,0xee,0xcf,0xde,0xc0,0x95,0x96,0xb2,0xc1,0xde,0x23,0x04,0xc1,0x57,0xed,0x8a,0xc0,
	0x95,0x96,0xb2,0xc1,0x58,0xd6,0xf0,0xc0,0x2c,0xd6,0xbe,0xc0,0x95,0x96,0xb2,0xc1,0x0d,0xe6,0x2a,0xc1,0x82,0xfe,0x0c,0x40,
	0x95,0x96,0xb2,0xc1,0x23,0x5a,0x51,0xc1,0xb3,0x08,0xc5,0xbb,0x95,0x96,0xb2,0xc1,0x75,0x95,0x05,0xc1,0xd0,0x0d,0x1f,0x41,
	0x95,0x96,0xb2,0xc1,0xf5,0x1d,0x44,0xc1,0x65,0x00,0xa1,0x40,0x95,0x96,0xb2,0xc1,0x88,0xbc,0x7d,0xc0,0x02,0xd3,0x39,0x41,
	0x95,0x96,0xb2,0xc1,0x23,0xc0,0x2e,0xc1,0xc5,0xae,0xe1,0x40,0x95,0x96,0xb2,0xc1,0x8e,0xe9,0xe7,0xbf,0xbb,0x0a,0x39,0x41,
	0xcc,0xd2,0x42,0xc1,0xc3,0x93,0x2d,0xc1,0xad,0x5a,0xdd,0x40,0xcc,0xd2,0x42,0xc1,0x59,0xc4,0xee,0xbf,0x62,0x9e,0x32,0x41,
	0xcc,0xd2,0x42,0xc1,0x93,0xa9,0x17,0xc1,0x70,0xa5,0x0d,0x41,0xcc,0xd2,0x42,0xc1,0x4c,0xe2,0x4c,0x3e,0xec,0x5c,0x30,0x41,
	0xcc,0xd2,0x42,0xc1,0x07,0x1b,0x9e,0xc0,0x68,0xb7,0x39,0x41,0xcc,0xd2,0x42,0xc1,0x70,0x99,0x83,0x40,0x98,0x36,0x10,0x41,
	0xcc,0xd2,0x42,0xc1,0xa0,0x17,0xe4,0x3f,0x34,0x47,0x26,0x41,0xcc,0xd2,0x42,0xc1,0xfb,0xf8,0xc8,0x40,0xbb,0x6d,0x8f,0x40,
	0xcc,0xd2,0x42,0xc1,0x95,0xd7,0xaa,0x40,0xc6,0xef,0xcd,0x40,0xcc,0xd2,0x42,0xc1,0x94,0xf6,0xc4,0x40,0x26,0x37,0x6a,0x3f,
	0xcc,0xd2,0x42,0xc1,0x6c,0x77,0xc4,0x40,0x33,0x1a,0x2c,0x40,0xcc,0xd2,0x42,0xc1,0xdf,0x09,0xac,0x40,0x5d,0x87,0xf4,0xbf,
	0xcc,0xd2,0x42,0xc1,0xe8,0xbf,0xbc,0x40,0x35,0xcf,0x81,0xbe,0xcc,0xd2,0x42,0xc1,0xe4,0x2d,0x65,0x40,0x62,0xe5,0x99,0xc0,
	0xcc,0xd2,0x42,0xc1,0x14,0xf9,0x9c,0x40,0xf8,0x50,0x4c,0xc0,0xcc,0xd2,0x42,0xc1,0xc1,0x8f,0x92,0xbe,0xca,0x8a,0xd9,0xc0,
	0xcc,0xd2,0x42,0xc1,0x3c,0xf8,0x0a,0x40,0xea,0x92,0xbb,0xc0,0xcc,0xd2,0x42,0xc1,0x68,0x9f,0xad,0xc0,0x6f,0xe3,0xb6,0xc0,
	0xcc,0xd2,0x42,0xc1,0xde,0xc7,0x16,0xc0,0x2c,0xf5,0xce,0xc0,0xcc,0xd2,0x42,0xc1,0xb6,0xce,0x0e,0xc1,0x50,0x1b,0x61,0xbf,
	0xcc,0xd2,0x42,0xc1,0xe0,0x2e,0xd5,0xc0,0x19,0x3a,0x68,0xc0,0xcc,0xd2,0x42,0xc1,0x07,0x1a,0x02,0xc1,0x2f,0x19,0xb1,0x40,
	0xcc,0xd2,0x42,0xc1,0x9f,0x16,0x00,0xc1,0xc1,0x00,0xe2,0x3f,0xcc,0xd2,0x42,0xc1,0x2d,0x5d,0x40,0xc0,0x8b,0x2f,0x1e,0x41,
	0xcc,0xd2,0x42,0xc1,0xef,0xbb,0xa6,0xc0,0x3b,0x51,0xda,0x40,0xcc,0xd2,0x42,0xc1,0xef,0x54,0x70,0x40,0xef,0x5b,0x1b,0x41,
	0xcc,0xd2,0x42,0xc1,0x98,0x33,0xa3,0x3e,0xad,0x95,0x0a,0x41,0xcc,0xd2,0x42,0xc1,0x52,0xff,0x09,0x41,0xd0,0xd3,0xa7,0x40,
	0xcc,0xd2,0x42,0xc1,0x6e,0x99,0xb1,0x40,0xb2,0xc7,0xca,0x40,0xcc,0xd2,0x42,0xc1,0x0f,0x54,0x16,0x41,0xdf,0xf8,0x80,0xbf,
	0xcc,0xd2,0x42,0xc1,0x24,0x8b,0xee,0x40,0xff,0xb2,0xbb,0x3e,0xcc,0xd2,0x42,0xc1,0xd6,0xc9,0xa7,0x40,0xb3,0xa3,0xc9,0xc0,
	0xcc,0xd2,0x42,0xc1,0xe7,0xf3,0x96,0x40,0x99,0x48,0xbe,0xc0,0xcc,0xd2,0x42,0xc1,0x1a,0x32,0xe0,0xbf,0x21,0xce,0xfc,0xc0,
	0xcc,0xd2,0x42,0xc1,0x61,0x19,0x00,0xc0,0xa5,0x10,0x13,0xc1,0xcc,0xd2,0x42,0xc1,0x77,0xcf,0x09,0xc1,0xb9,0x6e,0x90,0xc0,
	0xcc,0xd2,0x42,0xc1,0x5a,0xd6,0xf0,0xc0,0x2e,0xd6,0xbe,0xc0,0xcc,0xd2,0x42,0xc1,0x0c,0xe6,0x2a,0xc1,0x82,0xfe,0x0c,0x40,
	0xcc,0xd2,0x42,0xc1,0x9e,0x8a,0x52,0xc1,0xf0,0x85,0xc9,0xbb,0xcc,0xd2,0x42,0xc1,0xc1,0x7b,0x04,0xc1,0x58,0xbf,0x1d,0x41,
	0xcc,0xd2,0x42,0xc1,0xf2,0x7d,0x43,0xc1,0x7b,0x6a,0x9f,0x40,0xcc,0xd2,0x42,0xc1,0x7d,0x92,0x7b,0xc0,0xd7,0xdf,0x34,0x41,
	0xcc,0xd2,0x42,0xc1,0xc3,0x93,0x2d,0xc1,0xad,0x5a,0xdd,0x40,0xcc,0xd2,0x42,0xc1,0x59,0xc4,0xee,0xbf,0x62,0x9e,0x32,0x41,
	0xc1,0xe1,0x01,0xc0,0x9c,0xc7,0x2b,0xc1,0x41,0xb9,0xd7,0x40,0xc1,0xe1,0x01,0xc0,0x4e,0x61,0xf5,0xbf,0xdd,0xc6,0x2b,0x41,
	0xb9,0xe1,0x01,0xc0,0x81,0x4b,0x15,0xc1,0xe9,0x35,0x09,0x41,0xb9,0xe1,0x01,0xc0,0xa4,0x36,0x71,0x3d,0x80,0x10,0x28,0x41,
	0xb9,0xe1,0x01,0xc0,0x87,0x24,0x99,0xc0,0x14,0xfe,0x2f,0x41,0xb9,0xe1,0x01,0xc0,0x2c,0xd3,0x69,0x40,0xe3,0xfc,0x05,0x41,
	0xb9,0xe1,0x01,0xc0,0x1c,0x08,0xaf,0x3f,0xe2,0x14,0x17,0x41,0xb9,0xe1,0x01,0xc0,0x3a,0xb0,0xae,0x40,0xab,0xae,0x87,0x40,
	0xb9,0xe1,0x01,0xc0,0xba,0x3d,0x8a,0x40,0x63,0x37,0xbc,0x40,0xb9,0xe1,0x01,0xc0,0x35,0x28,0xb5,0x40,0xa9,0xfa,0x8d,0x3f,
	0xb9,0xe1,0x01,0xc0,0xaf,0x41,0xa9,0x40,0xa9,0x14,0x35,0x40,0xb9,0xe1,0x01,0xc0,0x6a,0x6a,0xae,0x40,0x16,0x4b,0x02,0xc0,
	0xb9,0xe1,0x01,0xc0,0xb0,0xd4,0xb8,0x40,0x2e,0xcb,0xf7,0xbd,0xb9,0xe1,0x01,0xc0,0x89,0x44,0x5d,0x40,0x13,0xef,0xb8,0xc0,
	0xb9,0xe1,0x01,0xc0,0xd6,0xe0,0x9e,0x40,0xb6,0x4c,0x79,0xc0,0xb9,0xe1,0x01,0xc0,0xfe,0x28,0xc0,0xbf,0xab,0x1a,0x00,0xc1,
	0xb9,0xe1,0x01,0xc0,0x01,0xde,0xa8,0x3f,0x85,0x7a,0xe5,0xc0,0xb9,0xe1,0x01,0xc0,0xfb,0xe7,0xf1,0xc0,0x78,0x35,0xbf,0xc0,
	0xb9,0xe1,0x01,0xc0,0xbd,0xc4,0x8d,0xc0,0xb7,0xe1,0xe5,0xc0,0xb9,0xe1,0x01,0xc0,0xda,0xe9,0x2c,0xc1,0x26,0xe5,0x7e,0x3e,
	0xb9,0xe1,0x01,0xc0,0x16,0x6f,0x10,0xc1,0x7d,0x92,0x34,0xc0,0xb9,0xe1,0x01,0xc0,0x8f,0xe9,0x0c,0xc1,0x98,0xf6,0xe8,0x40,
	0xb9,0xe1,0x01,0xc0,0x28,0xcd,0x15,0xc1,0x23,0x68,0x75,0x40,0xb9,0xe1,0x01,0xc0,0x64,0x96,0x28,0xc0,0xcd,0xf3,0x31,0x41,
	0xb9,0xe1,0x01,0xc0,0xdc,0x11,0xa1,0xc0,0x38,0x1e,0x10,0x41,0xb9,0xe1,0x01,0xc0,0x60,0x67,0x87,0x40,0x6e,0xc4,0x20,0x41,
	0xb9,0xe1,0x01,0xc0,0x2f,0xf8,0xc0,0x3f,0xce,0x52,0x1f,0x41,0xb9,0xe1,0x01,0xc0,0x73,0x03,0x08,0x41,0xa1,0x00,0xa8,0x40,
	0xb9,0xe1,0x01,0xc0,0xa3,0xf8,0xd9,0x40,0xd9,0x97,0xd1,0x40,0xb9,0xe1,0x01,0xc0,0x03,0x37,0x0d,0x41,0xca,0xc0,0x05,0xbf,
	0xb9,0xe1,0x01,0xc0,0x36,0x14,0x03,0x41,0x64,0x02,0xfe,0xbc,0xb9,0xe1,0x01,0xc0,0x47,0xbd,0x9f,0x40,0xc8,0xb7,0xa2,0xc0,
	0xb9,0xe1,0x01,0xc0,0x01,0x4e,0x9d,0x40,0x53,0xb1,0xcc,0xc0,0xb9,0xe1,0x01,0xc0,0x34,0x4b,0x86,0xbf,0x70,0x26,0xcf,0xc0,
	0xb9,0xe1,0x01,0xc0,0x63,0x5f,0x04,0xc0,0x12,0x51,0x17,0xc1,0xb9,0xe1,0x01,0xc0,0xd1,0xf5,0xdf,0xc0,0xea,0xb4,0x6e,0xc0,
	0xb9,0xe1,0x01,0xc0,0x5a,0xd6,0xf0,0xc0,0x2c,0xd6,0xbe,0xc0,0xb9,0xe1,0x01,0xc0,0x0c,0xe6,0x2a,0xc1,0x82,0xfe,0x0c,0x40,
	0xe3,0xe1,0x01,0xc0,0xe7,0x7a,0x53,0xc1,0x85,0x07,0xcd,0xbb,0xe3,0xe1,0x01,0xc0,0x79,0x3b,0x03,0xc1,0x11,0x43,0x1c,0x41,
	0xc6,0xe1,0x01,0xc0,0xb7,0x43,0x42,0xc1,0xaf,0x06,0x9d,0x40,0xc6,0xe1,0x01,0xc0,0x2d,0x26,0x79,0xc0,0x3a,0x7d,0x2f,0x41,
	0xc1,0xe1,0x01,0xc0,0x9c,0xc7,0x2b,0xc1,0x41,0xb9,0xd7,0x40,0xc1,0xe1,0x01,0xc0,0x4e,0x61,0xf5,0xbf,0xdd,0xc6,0x2b,0x41,
	0xe4,0xe1,0x01,0x41,0xd9,0x64,0x29,0xc1,0xcc,0xee,0xd0,0x40,0xe4,0xe1,0x01,0x41,0x5c,0x75,0xfb,0xbf,0x41,0xa5,0x24,0x41,
	0xe4,0xe1,0x01,0x41,0xe4,0x54,0x12,0xc1,0xc6,0xff,0x03,0x41,0xe4,0xe1,0x01,0x41,0x24,0x2b,0x9f,0xbd,0x5d,0x8c,0x1f,0x41,
	0xe4,0xe1,0x01,0x41,0xaf,0x94,0x93,0xc0,0x4e,0x18,0x25,0x41,0xe4,0xe1,0x01,0x41,0xbe,0x30,0x4d,0x40,0x20,0x0a,0xf8,0x40,
	0xe4,0xe1,0x01,0x41,0x67,0x9e,0x74,0x3f,0x62,0xfb,0x07,0x41,0xe4,0xe1,0x01,0x41,0x9c,0x79,0x99,0x40,0x33,0x6e,0x81,0x40,
	0xef,0xe1,0x01,0x41,0x73,0x48,0x5f,0x40,0x16,0xc2,0xad,0x40,0xef,0xe1,0x01,0x41,0xa9,0x3f,0xb0,0x40,0xd9,0xb3,0x95,0x3f,
	0xef,0xe1,0x01,0x41,0x1f,0x5b,0x9d,0x40,0xeb,0x01,0x39,0x40,0xef,0xe1,0x01,0x41,0x11,0x28,0xb9,0x40,0x3a,0x92,0x26,0xc0,
	0xef,0xe1,0x01,0x41,0x50,0x0f,0xc4,0x40,0xec,0x32,0x00,0xbf,0xef,0xe1,0x01,0x41,0x3d,0x64,0x51,0x40,0x8c,0x86,0xe7,0xc0,
	0xef,0xe1,0x01,0x41,0xb5,0xc0,0xa2,0x40,0x2a,0x63,0xaa,0xc0,0xef,0xe1,0x01,0x41,0xf4,0xc3,0x38,0xc0,0x54,0x27,0x16,0xc1,
	0xef,0xe1,0x01,0x41,0x77,0x13,0x3c,0x3e,0x77,0xa9,0x0e,0xc1,0xef,0xe1,0x01,0x41,0xc6,0xe7,0x17,0xc1,0x87,0xc0,0xc6,0xc0,
	0xe4,0xe1,0x01,0x41,0x97,0x0e,0xd3,0xc0,0x92,0xcf,0xfd,0xc0,0xe4,0xe1,0x01,0x41,0xf1,0xff,0x40,0xc1,0xb9,0x36,0x80,0x3f,
	0xe4,0xe1,0x01,0x41,0xc8,0x77,0x2f,0xc1,0x0d,0x36,0x0a,0xc0,0xe4,0xe1,0x01,0x41,0x28,0xaa,0x10,0xc1,0x90,0x5a,0xfc,0x40,
	0xe4,0xe1,0x01,0x41,0xb8,0xb1,0x22,0xc1,0x6f,0x03,0xa2,0x40,0xe4,0xe1,0x01,0x41,0x7c,0xef,0x2d,0xc0,0x98,0x81,0x2d,0x41,
	0xe4,0xe1,0x01,0x41,0xd2,0x39,0x9f,0xc0,0x8e,0x7f,0x1b,0x41,0xe4,0xe1,0x01,0x41,0xe3,0x52,0x51,0x40,0x44,0xdb,0x15,0x41,
	0xef,0xe1,0x01,0x41,0x8c,0x85,0xbb,0x3f,0xbc,0x94,0x1e,0x41,0xe4,0xe1,0x01,0x41,0x84,0x2d,0xd3,0x40,0xec,0xaf,0xaa,0x40,
	0xef,0xe1,0x01,0x41,0x5f,0x45,0xc2,0x40,0xf2,0x97,0xcd,0x40,0xef,0xe1,0x01,0x41,0xcd,0x4a,0xdf,0x40,0x0b,0x98,0x86,0x3f,
	0xef,0xe1,0x01,0x41,0x45,0xba,0xe1,0x40,0x72,0x17,0x15,0x3f,0xef,0xe1,0x01,0x41,0x93,0xd1,0x8d,0x40,0xa7,0x1f,0x18,0xc0,
	0xef,0xe1,0x01,0x41,0x47,0xb9,0x87,0x40,0xdc,0xbc,0x9b,0xc0,0xef,0xe1,0x01,0x41,0xf9,0xda,0x83,0x3e,0x37,0x6c,0x74,0xc0,
	0xe4,0xe1,0x01,0x41,0x49,0xb9,0xcd,0xbf,0xa3,0xe9,0xf3,0xc0,0xe4,0xe1,0x01,0x41,0xcc,0x16,0x88,0xc0,0x0a,0x64,0x19,0xc0,
	0xe4,0xe1,0x01,0x41,0x5a,0xd6,0xf0,0xc0,0x2c,0xd6,0xbe,0xc0,0xe4,0xe1,0x01,0x41,0x0e,0xe6,0x2a,0xc1,0x82,0xfe,0x0c,0x40,
	0xe4,0xe1,0x01,0x41,0x13,0x2a,0x54,0xc1,0x38,0x9e,0xcf,0xbb,0xe4,0xe1,0x01,0x41,0xd3,0xd5,0x01,0xc1,0x6c,0x9a,0x1a,0x41,
	0xe4,0xe1,0x01,0x41,0xcd,0x74,0x40,0xc1,0x0b,0xde,0x99,0x40,0xe4,0xe1,0x01,0x41,0x07,0x7c,0x76,0xc0,0x26,0xbe,0x29,0x41,
	0xe4,0xe1,0x01,0x41,0xd9,0x64,0x29,0xc1,0xcc,0xee,0xd0,0x40,0xe4,0xe1,0x01,0x41,0x5c,0x75,0xfb,0xbf,0x41,0xa5,0x24,0x41,
	0x21,0x1e,0x92,0x41,0xf6,0x76,0x26,0xc1,0xc6,0x25,0xc9,0x40,0x21,0x1e,0x92,0x41,0x14,0x5c,0x00,0xc0,0x70,0x5b,0x1d,0x41,
	0x21,0x1e,0x92,0x41,0x3b,0xd5,0x0e,0xc1,0x09,0x4f,0xfc,0x40,0x21,0x1e,0x92,0x41,0xf5,0xf4,0x51,0xbe,0x15,0x00,0x17,0x41,
	0x21,0x1e,0x92,0x41,0x39,0x9a,0x8d,0xc0,0xa4,0x61,0x19,0x41,0x21,0x1e,0x92,0x41,0x21,0x3c,0x32,0x40,0xb9,0x45,0xe5,0x40,
	0x21,0x1e,0x92,0x41,0x5c,0xe5,0x11,0x3f,0x90,0xb0,0xf3,0x40,0x21,0x1e,0x92,0x41,0x7a,0x8c,0x8a,0x40,0x1b,0x10,0x7a,0x40,
	0x21,0x1e,0x92,0x41,0x55,0xbe,0x3a,0x40,0xe1,0xd3,0xa3,0x40,0x21,0x1e,0x92,0x41,0xf3,0xaa,0xb6,0x40,0x20,0x9a,0x8b,0x3f,
	0x21,0x1e,0x92,0x41,0xf5,0x38,0xa2,0x40,0xd3,0x66,0x37,0x40,0x21,0x1e,0x92,0x41,0x02,0xf2,0xca,0x40,0x7a,0xa7,0x62,0xc0,
	0x21,0x1e,0x92,0x41,0x47,0xa0,0xdc,0x40,0x82,0x73,0xaa,0xbf,0x21,0x1e,0x92,0x41,0x2d,0x77,0x43,0x40,0x54,0x14,0x0f,0xc1,
	0x21,0x1e,0x92,0x41,0xb9,0xcf,0xa7,0x40,0x72,0x1a,0xe6,0xc0,0x21,0x1e,0x92,0x41,0x07,0x34,0x85,0xc0,0xa3,0x73,0x2a,0xc1,
	0x21,0x1e,0x92,0x41,0x96,0xe8,0x74,0xbf,0x79,0xb3,0x2a,0xc1,0x21,0x1e,0x92,0x41,0x14,0x12,0x2c,0xc1,0x97,0xaa,0xcb,0xc0,
	0x21,0x1e,0x92,0x41,0x9b,0xa1,0x03,0xc1,0x8e,0xeb,0x07,0xc1,0x21,0x1e,0x92,0x41,0x36,0x45,0x45,0xc1,0x0b,0xb3,0x94,0x3f,
	0x21,0x1e,0x92,0x41,0xe9,0x6d,0x3d,0xc1,0xbe,0x4e,0xee,0xbf,0x21,0x1e,0x92,0x41,0x1d,0x1e,0x0c,0xc1,0x4b,0xdb,0xe4,0x40,
	0x21,0x1e,0x92,0x41,0x29,0xfc,0x21,0xc1,0xe0,0xd9,0x9f,0x40,0x21,0x1e,0x92,0x41,0xb9,0x6c,0x4e,0xc0,0x11,0x7f,0x12,0x41,
	0x21,0x1e,0x92,0x41,0x64,0xf4,0xa1,0xc0,0x1b,0xa8,0x0a,0x41,0x21,0x1e,0x92,0x41,0x39,0xed,0xa1,0x3f,0xe3,0x27,0xfe,0x40,
	0x21,0x1e,0x92,0x41,0xc6,0xdf,0x56,0x3e,0x48,0xaf,0x08,0x41,0x21,0x1e,0x92,0x41,0xa8,0x90,0x70,0x40,0x9a,0xb2,0xae,0x40,
	0x21,0x1e,0x92,0x41,0xd5,0x3c,0x6b,0x40,0x69,0xa8,0xc0,0x40,0x21,0x1e,0x92,0x41,0xf6,0xfd,0x96,0x40,0x0c,0x74,0x3e,0x40,
	0x21,0x1e,0x92,0x41,0x06,0x2c,0x93,0x40,0x55,0xd9,0xf3,0x3f,0x21,0x1e,0x92,0x41,0xb8,0xae,0x75,0x40,0x3d,0x44,0xfb,0x3e,
	0x21,0x1e,0x92,0x41,0xb7,0x5d,0x42,0x40,0x1f,0x9f,0x08,0xc0,0x21,0x1e,0x92,0x41,0x1e,0x88,0xc0,0x3f,0xf6,0xb5,0xa4,0xbf,
	0x21,0x1e,0x92,0x41,0x8d,0x7b,0x5b,0xbf,0x5f,0x6b,0x94,0xc0,0x21,0x1e,0x92,0x41,0x90,0x4d,0xe6,0xbf,0x3f,0x52,0x9a,0xbf,
	0x21,0x1e,0x92,0x41,0x5c,0xd6,0xf0,0xc0,0x2c,0xd6,0xbe,0xc0,0x21,0x1e,0x92,0x41,0x0e,0xe6,0x2a,0xc1,0x87,0xfe,0x0c,0x40,
	0x21,0x1e,0x92,0x41,0x7f,0x97,0x54,0xc1,0xa7,0x41,0xd1,0xbb,0x21,0x1e,0x92,0x41,0x20,0x4c,0x00,0xc1,0xfb,0xc6,0x18,0x41,
	0x21,0x1e,0x92,0x41,0xb2,0x18,0x3e,0xc1,0x81,0xfc,0x95,0x40,0x21,0x1e,0x92,0x41,0xd9,0x98,0x73,0xc0,0xca,0xb6,0x23,0x41,
	0x21,0x1e,0x92,0x41,0xf6,0x76,0x26,0xc1,0xc6,0x25,0xc9,0x40,0x21,0x1e,0x92,0x41,0x14,0x5c,0x00,0xc0,0x70,0x5b,0x1d,0x41,
	0x4d,0x48,0xd9,0x41,0x85,0x77,0x23,0xc1,0x0f,0x9d,0xc1,0x40,0x4d,0x48,0xd9,0x41,0x38,0x31,0x02,0xc0,0x41,0xf2,0x16,0x41,
	0x4d,0x48,0xd9,0x41,0x8c,0x5b,0x0b,0xc1,0xd4,0x39,0xf1,0x40,0x4d,0x48,0xd9,0x41,0x98,0xf8,0x9b,0xbe,0x9b,0xa3,0x0f,0x41,
	0x4d,0x48,0xd9,0x41,0x2a,0x2b,0x88,0xc0,0x12,0xbc,0x0e,0x41,0x4d,0x48,0xd9,0x41,0x2b,0xda,0x1c,0x40,0x9b,0x62,0xd6,0x40,
	0x4d,0x48,0xd9,0x41,0xcb,0x68,0x8c,0x3e,0x00,0x03,0xde,0x40,0x4d,0x48,0xd9,0x41,0xb4,0xb9,0x83,0x40,0x85,0x0a,0x76,0x40,
	0x4d,0x48,0xd9,0x41,0x6d,0x1e,0x2c,0x40,0x60,0xda,0x9f,0x40,0x4d,0x48,0xd9,0x41,0xaa,0xbb,0xc5,0x40,0xfb,0xca,0x67,0x3f,
	0x4d,0x48,0xd9,0x41,0x54,0xaa,0xb4,0x40,0xf0,0x50,0x31,0x40,0x4d,0x48,0xd9,0x41,0xec,0xce,0xde,0x40,0x11,0xdf,0x92,0xc0,
	0x4d,0x48,0xd9,0x41,0xd2,0x61,0xfa,0x40,0x94,0xa2,0x15,0xc0,0x4d,0x48,0xd9,0x41,0xbd,0x6d,0x37,0x40,0xb4,0xb0,0x26,0xc1,
	0x4d,0x48,0xd9,0x41,0xbd,0x62,0xac,0x40,0xf8,0x0c,0x0e,0xc1,0x4d,0x48,0xd9,0x41,0x87,0xa6,0x9e,0xc0,0xf9,0x1a,0x37,0xc1,
	0x4d,0x48,0xd9,0x41,0xf0,0x89,0xdb,0xbf,0xc2,0x59,0x3d,0xc1,0x4d,0x48,0xd9,0x41,0xfe,0xf3,0x2f,0xc1,0xd0,0x9c,0xcc,0xc0,
	0x4d,0x48,0xd9,0x41,0x71,0x6c,0x0c,0xc1,0xe3,0xf4,0x0a,0xc1,0x4d,0x48,0xd9,0x41,0xa1,0x11,0x3a,0xc1,0x20,0xef,0x3d,0x3f,
	0x4d,0x48,0xd9,0x41,0x67,0xa7,0x36,0xc1,0xf5,0x66,0x00,0xc0,0x4d,0x48,0xd9,0x41,0x8c,0x2c,0x02,0xc1,0xe4,0x78,0xb1,0x40,
	0x4d,0x48,0xd9,0x41,0x5f,0xab,0x15,0xc1,0x17,0x9a,0x74,0x40,0x4d,0x48,0xd9,0x41,0x14,0x23,0x78,0xc0,0x3e,0xa3,0xdf,0x40,
	0x4d,0x48,0xd9,0x41,0x37,0x61,0xa7,0xc0,0x40,0x59,0xd2,0x40,0x4d,0x48,0xd9,0x41,0x20,0x26,0x31,0xbf,0xcc,0xb3,0xd1,0x40,
	0x4d,0x48,0xd9,0x41,0xb7,0xf1,0xbb,0xbf,0xb9,0xd1,0xd6,0x40,0x4d,0x48,0xd9,0x41,0xbf,0x98,0xc5,0x3f,0x3b,0xd3,0xb1,0x40,
	0x4d,0x48,0xd9,0x41,0xcd,0x1e,0x8e,0x3f,0xff,0xcd,0xb2,0x40,0x4d,0x48,0xd9,0x41,0xe4,0x9e,0x53,0x40,0x3d,0xb5,0x85,0x40,
	0x4d,0x48,0xd9,0x41,0xf1,0x7f,0x16,0x40,0x87,0x6d,0x47,0x40,0x4d,0x48,0xd9,0x41,0x42,0xec,0x62,0x40,0xe6,0x3d,0xf4,0x3f,
	0x4d,0x48,0xd9,0x41,0x5d,0x6a,0x03,0x40,0xda,0xad,0xc5,0x3d,0x4d,0x48,0xd9,0x41,0x58,0x8c,0xfe,0x3f,0x9e,0xf0,0x9a,0xbe,
	0x4d,0x48,0xd9,0x41,0x87,0x52,0x93,0xbe,0xb5,0xc2,0x17,0xc0,0x4d,0x48,0xd9,0x41,0x4b,0x93,0x82,0xbf,0x9e,0xd0,0x53,0xbf,
	0x4d,0x48,0xd9,0x41,0x5c,0xd6,0xf0,0xc0,0x2c,0xd6,0xbe,0xc0,0x4d,0x48,0xd9,0x41,0x0e,0xe6,0x2a,0xc1,0x87,0xfe,0x0c,0x40,
	0x4d,0x48,0xd9,0x41,0x6c,0xbd,0x54,0xc1,0xde,0xc7,0xd1,0xbb,0x4d,0x48,0xd9,0x41,0x52,0xa9,0xfd,0xc0,0x2f,0x09,0x17,0x41,
	0x4d,0x48,0xd9,0x41,0x7f,0x93,0x3b,0xc1,0x4b,0x00,0x92,0x40,0x4d,0x48,0xd9,0x41,0x58,0xe3,0x70,0xc0,0xe6,0x40,0x1e,0x41,
	0x4d,0x48,0xd9,0x41,0x85,0x77,0x23,0xc1,0x0f,0x9d,0xc1,0x40,0x4d,0x48,0xd9,0x41,0x38,0x31,0x02,0xc0,0x41,0xf2,0x16,0x41,
	0xb3,0xb1,0x02,0x42,0x1f,0x6b,0x21,0xc1,0xb4,0xac,0xbc,0x40,0xb3,0xb1,0x02,0x42,0x89,0x09,0x03,0xc0,0x10,0x05,0x13,0x41,
	0xb3,0xb1,0x02,0x42,0x1f,0x08,0x09,0xc1,0x2b,0x15,0xea,0x40,0xb3,0xb1,0x02,0x42,0xfb,0x90,0xb7,0xbe,0xa7,0x38,0x0b,0x41,
	0xb3,0xb1,0x02,0x42,0x21,0xcb,0x84,0xc0,0x27,0x1f,0x08,0x41,0xb3,0xb1,0x02,0x42,0x09,0x17,0x11,0x40,0x2b,0x32,0xce,0x40,
	0xb3,0xb1,0x02,0x42,0x1f,0xbf,0xf7,0x3d,0x43,0xc6,0xd2,0x40,0xb3,0xb1,0x02,0x42,0x68,0xdb,0x82,0x40,0x7b,0x87,0x75,0x40,
	0xb3,0xb1,0x02,0x42,0xa2,0x7e,0x2c,0x40,0x86,0xf4,0x9f,0x40,0xb3,0xb1,0x02,0x42,0xd8,0x2b,0xd3,0x40,0xa1,0x80,0x3d,0x3f,
	0xb3,0xb1,0x02,0x42,0x84,0x1d,0xc6,0x40,0xeb,0x8e,0x2b,0x40,0xb3,0xb1,0x02,0x42,0xb3,0x0b,0xec,0x40,0xf3,0x39,0xa9,0xc0,
	0xb3,0xb1,0x02,0x42,0xb0,0x46,0x07,0x41,0x8c,0x4b,0x41,0xc0,0xb3,0xb1,0x02,0x42,0x24,0x09,0x31,0x40,0xfe,0x3a,0x33,0xc1,
	0xb3,0xb1,0x02,0x42,0xaf,0xd2,0xae,0x40,0xbe,0x6f,0x1c,0xc1,0xb3,0xb1,0x02,0x42,0x5f,0x98,0xa6,0xc0,0x4e,0x0e,0x3b,0xc1,
	0xb3,0xb1,0x02,0x42,0x66,0x13,0xfc,0xbf,0xd4,0x99,0x43,0xc1,0xb3,0xb1,0x02,0x42,0xd9,0xe8,0x2a,0xc1,0x26,0x62,0xcb,0xc0,
	0xb3,0xb1,0x02,0x42,0x4b,0x79,0x09,0xc1,0x18,0xf0,0x09,0xc1,0xb3,0xb1,0x02,0x42,0xc7,0x35,0x2d,0xc1,0x92,0x23,0x85,0x3e,
	0xb3,0xb1,0x02,0x42,0x5f,0xfb,0x29,0xc1,0x0b,0xb3,0x11,0xc0,0xb3,0xb1,0x02,0x42,0x97,0x53,0xf5,0xc0,0xed,0xa8,0x8a,0x40,
	0xb3,0xb1,0x02,0x42,0xe5,0x6f,0x0a,0xc1,0x86,0x1b,0x30,0x40,0xb3,0xb1,0x02,0x42,0xbb,0x6d,0x88,0xc0,0x05,0x89,0xb6,0x40,
	0xb3,0xb1,0x02,0x42,0xf2,0x27,0xab,0xc0,0x60,0xbc,0xa3,0x40,0xb3,0xb1,0x02,0x42,0x1f,0x0f,0xcd,0xbf,0xfd,0x07,0xbd,0x40,
	0xb3,0xb1,0x02,0x42,0x34,0x4a,0x1b,0xc0,0x52,0x64,0xb5,0x40,0xb3,0xb1,0x02,0x42,0xae,0xa0,0x4d,0x3f,0xe1,0xde,0xb2,0x40,
	0xb3,0xb1,0x02,0x42,0x10,0x5b,0xda,0xbd,0x9f,0x3b,0xac,0x40,0xb3,0xb1,0x02,0x42,0x9c,0x6b,0x43,0x40,0x5f,0x9b,0x8c,0x40,
	0xb3,0xb1,0x02,0x42,0x36,0x01,0xbc,0x3f,0x5d,0xde,0x65,0x40,0xb3,0xb1,0x02,0x42,0xd8,0x49,0x63,0x40,0xc8,0xb4,0xf0,0x3f,
	0xb3,0xb1,0x02,0x42,0xfb,0xce,0xdd,0x3f,0xcc,0xd2,0x52,0x3f,0xb3,0xb1,0x02,0x42,0xf5,0xb8,0xed,0x3f,0xaa,0xd3,0x11,0xbf,
	0xb3,0xb1,0x02,0x42,0xeb,0x52,0x03,0xbe,0xf1,0x46,0xde,0xbf,0xb3,0xb1,0x02,0x42,0x89,0x95,0xb7,0xbf,0x16,0xa4,0x83,0xbf,
	0xb3,0xb1,0x02,0x42,0x5c,0xd6,0xf0,0xc0,0x2c,0xd6,0xbe,0xc0,0xb3,0xb1,0x02,0x42,0x0e,0xe6,0x2a,0xc1,0x87,0xfe,0x0c,0x40,
	0xb3,0xb1,0x02,0x42,0x8f,0xb7,0x54,0xc1,0xb4,0xae,0xd1,0xbb,0xb3,0xb1,0x02,0x42,0xb6,0xba,0xfb,0xc0,0x8f,0xe3,0x15,0x41,
	0xb3,0xb1,0x02,0x42,0x1e,0xce,0x39,0xc1,0x41,0x44,0x8f,0x40,0xb3,0xb1,0x02,0x42,0xf3,0x20,0x6f,0xc0,0x7a,0xd1,0x1a,0x41,
	0xb3,0xb1,0x02,0x42,0x1f,0x6b,0x21,0xc1,0xb4,0xac,0xbc,0x40,0xb3,0xb1,0x02,0x42,0x89,0x09,0x03,0xc0,0x10,0x05,0x13,0x41,
	0xb9,0x37,0x0b,0x42,0xdb,0x99,0x20,0xc1,0xf5,0xbb,0xba,0x40,0xb9,0x37,0x0b,0x42,0xfc,0x50,0x03,0xc0,0xac,0x83,0x11,0x41,
	0xb9,0x37,0x0b,0x42,0x4b,0x1c,0x08,0xc1,0x8c,0x4b,0xe7,0x40,0xb9,0x37,0x0b,0x42,0x82,0x8f,0xc1,0xbe,0xce,0x8a,0x09,0x41,
	0xb9,0x37,0x0b,0x42,0x13,0x7f,0x83,0xc0,0x8e,0x94,0x05,0x41,0xb9,0x37,0x0b,0x42,0x92,0xcb,0x0c,0x40,0xb3,0x34,0xcb,0x40,
	0xb9,0x37,0x0b,0x42,0x46,0xeb,0x88,0x3d,0x89,0xce,0xce,0x40,0xb9,0x37,0x0b,0x42,0x21,0x06,0x83,0x40,0xa9,0xa0,0x75,0x40,
	0xb9,0x37,0x0b,0x42,0x78,0x08,0x2e,0x40,0x8f,0x5f,0xa0,0x40,0xb9,0x37,0x0b,0x42,0xa0,0xe1,0xd8,0x40,0x55,0x88,0x2b,0x3f,
	0xb9,0x37,0x0b,0x42,0x07,0x95,0xcd,0x40,0x2f,0x18,0x29,0x40,0xb9,0x37,0x0b,0x42,0x8e,0x2c,0xf1,0x40,0x19,0xe3,0xb1,0xc0,
	0xb9,0x37,0x0b,0x42,0x0c,0x2d,0x0b,0x41,0xa1,0x2d,0x52,0xc0,0xb9,0x37,0x0b,0x42,0xde,0xcc,0x2e,0x40,0x89,0x9d,0x37,0xc1,
	0xb9,0x37,0x0b,0x42,0x4b,0xab,0xaf,0x40,0x42,0x6e,0x21,0xc1,0xb9,0x37,0x0b,0x42,0x9b,0x66,0xa8,0xc0,0x28,0xf4,0x3b,0xc1,
	0xb9,0x37,0x0b,0x42,0xb4,0x03,0x02,0xc0,0xf1,0x20,0x45,0xc1,0xb9,0x37,0x0b,0x42,0x60,0xf9,0x27,0xc1,0x04,0xab,0xca,0xc0,
	0xb9,0x37,0x0b,0x42,0xbe,0x2f,0x07,0xc1,0xdf,0x25,0x09,0xc1,0xb9,0x37,0x0b,0x42,0xab,0xab,0x27,0xc1,0x60,0xcc,0x56,0x3d,
	0xb9,0x37,0x0b,0x42,0x4f,0x30,0x24,0xc1,0x6f,0x9b,0x19,0xc0,0xb9,0x37,0x0b,0x42,0xb8,0x83,0xef,0xc0,0x2c,0x49,0x77,0x40,
	0xb9,0x37,0x0b,0x42,0x9c,0xe6,0x05,0xc1,0x08,0x72,0x14,0x40,0xb9,0x37,0x0b,0x42,0xfe,0xc5,0x8c,0xc0,0x53,0x16,0xa8,0x40,
	0xb9,0x37,0x0b,0x42,0x6b,0x8e,0xac,0xc0,0x88,0x73,0x92,0x40,0xb9,0x37,0x0b,0x42,0x79,0xeb,0xf0,0xbf,0xdc,0xaa,0xb6,0x40,
	0xb9,0x37,0x0b,0x42,0xf1,0x2b,0x30,0xc0,0x15,0x02,0xaa,0x40,0xb9,0x37,0x0b,0x42,0x70,0xb6,0x21,0x3f,0xe3,0x1c,0xb3,0x40,
	0xb9,0x37,0x0b,0x42,0xe2,0x04,0xf6,0xbe,0xbd,0x36,0xaa,0x40,0xb9,0x37,0x0b,0x42,0xea,0x5c,0x43,0x40,0xa3,0xa1,0x8c,0x40,
	0xb9,0x37,0x0b,0x42,0x9f,0xca,0x9d,0x3f,0x15,0x02,0x6e,0x40,0xb9,0x37,0x0b,0x42,0xce,0x1a,0x65,0x40,0x10,0x24,0xdf,0x3f,
	0xb9,0x37,0x0b,0x42,0xf9,0xc0,0xd4,0x3f,0x4b,0xe7,0x7b,0x3f,0xb9,0x37,0x0b,0x42,0x04,0x1c,0xe0,0x3f,0xbc,0x21,0x49,0xbf,
	0xb9,0x37,0x0b,0x42,0x79,0x06,0xcd,0xbd,0xe1,0xf1,0xcf,0xbf,0xb9,0x37,0x0b,0x42,0x2f,0x14,0xda,0xbf,0x06,0x63,0x94,0xbf,
	0xb9,0x37,0x0b,0x42,0x5c,0xd6,0xf0,0xc0,0x2c,0xd6,0xbe,0xc0,0xb9,0x37,0x0b,0x42,0x0e,0xe6,0x2a,0xc1,0x87,0xfe,0x0c,0x40,
	0xb9,0x37,0x0b,0x42,0xe9,0xb0,0x54,0xc1,0xed,0x9d,0xd1,0xbb,0xb9,0x37,0x0b,0x42,0x53,0xf7,0xfa,0xc0,0x90,0x6f,0x15,0x41,
	0xb9,0x37,0x0b,0x42,0x6b,0x17,0x39,0xc1,0x5e,0x2c,0x8e,0x40,0xb9,0x37,0x0b,0x42,0x04,0x70,0x6e,0xc0,0x8b,0x7c,0x19,0x41,
	0xb9,0x37,0x0b,0x42,0xdb,0x99,0x20,0xc1,0xf5,0xbb,0xba,0x40,0xb9,0x37,0x0b,0x42,0xfc,0x50,0x03,0xc0,0xac,0x83,0x11,0x41,
	0x08,0x00,0x20,0x00,0x9c,0x00,0x00,0x00,0x20,0x00,0x00,0x00,0x20,0x00,0x00,0x00,0x30,0x38,0x20,0x2d,0x20,0x44,0x65,0x66,
	0x61,0x75,0x6c,0x74,0x00,0x00,0x00,0x00,0x81,0x80,0x00,0x00,0x10,0x00,0x00,0x00,0x05,0x00,0x00,0x00,0x00,0x00,0x00,0x00,
	0x82,0x80,0x00,0x00,0x18,0x00,0x00,0x00,0x92,0x96,0x16,0x3f,0x92,0x96,0x16,0x3f,0x92,0x96,0x16,0x3f,0x00,0x00,0x00,0x00,
	0x86,0x80,0x00,0x00,0x0c,0x00,0x00,0x00,0x00,0x00,0x40,0x3f,0x09,0x00,0x18,0x00,0x48,0x00,0x00,0x00,0x18,0x00,0x00,0x00,
	0x18,0x00,0x00,0x00,0x6c,0x61,0x79,0x65,0x72,0x2d,0x30,0x00,0x91,0x80,0x00,0x00,0x10,0x00,0x00,0x00,0x00,0x20,0x0a,0x00,
	0x00,0x00,0x00,0x00,0x92,0x80,0x00,0x00,0x0c,0x00,0x00,0x00,0x86,0x00,0x00,0x00,0x94,0x80,0x00,0x00,0x14,0x00,0x00,0x00,
	0x00,0x00,0x00,0x00,0x06,0x00,0x00,0x00,0x01,0x00,0x00,0x00,0x0a,0x00,0x18,0x00,0x78,0x43,0x00,0x00,0x18,0x00,0x00,0x00,
	0x18,0x00,0x00,0x00,0x4d,0x61,0x70,0x20,0x23,0x32,0x00,0x00,0x12,0x80,0x00,0x00,0x40,0x00,0x00,0x00,0x44,0x3a,0x5c,0x74,
	0x65,0x73,0x74,0x5c,0x72,0x65,0x66,0x6c,0x65,0x63,0x74,0x69,0x6f,0x6e,0x5f,0x6d,0x61,0x70,0x5c,0x72,0x65,0x66,0x6c,0x65,
	0x63,0x74,0x69,0x6f,0x6e,0x5f,0x77,0x68,0x69,0x74,0x65,0x5f,0x30,0x39,0x5f,0x73,0x34,0x5f,0x38,0x62,0x69,0x74,0x2e,0x74,
	0x67,0x61,0x00,0x00,0x13,0x80,0x00,0x00,0x20,0x43,0x00,0x00,0x12,0x43,0x00,0x00,0x00,0x01,0x01,0x00,0x00,0x00,0x01,0x18,
	0x00,0x00,0x00,0x00,0x80,0x00,0x80,0x00,0x08,0x00,0x00,0x00,0x00,0x00,0x00,0x00,0x00,0x00,0x00,0x00,0x00,0x00,0x00,0x00,
	0x00,0x00,0x00,0x00,0x00,0x00,0x00,0x00,0x00,0x00,0x00,0x00,0x00,0x00,0x00,0x00,0x00,0x00,0x00,0x00,0x00,0x00,0x00,0x00,
	0x00,0x00,0x00,0x00,0x00,0x00,0x00,0x00,0x00,0x00,0x00,0x00,0x00,0x00,0x00,0x00,0x00,0x00,0x00,0x00,0x00,0x00,0x00,0x00,
	0x00,0x00,0x00,0x00,0x00,0x00,0x00,0x00,0x00,0x00,0x00,0x00,0x00,0x00,0x00,0x00,0x00,0x00,0x00,0x00,0x00,0x00,0x00,0x00,
	0x00,0x00,0x00,0x00,0x00,0x00,0x00,0x00,0x00,0x00,0x00,0x00,0x00,0x00,0x00,0x00,0x00,0x00,0x00,0x00,0x00,0x00,0x00,0x00,
	0x00,0x00,0x00,0x00,0x00,0x00,0x00,0x00,0x00,0x00,0x00,0x00,0x00,0x00,0x00,0x00,0x00,0x00,0x00,0x00,0x00,0x00,0x00,0x00,
	0x00,0x00,0x00,0x00,0x00,0x00,0x00,0x00,0x00,0x00,0x00,0x00,0x00,0x00,0x00,0x00,0x00,0x00,0x00,0x00,0x00,0x00,0x00,0x00,
	0x00,0x00,0x00,0x00,0x00,0x00,0x00,0x00,0x00,0x00,0x00,0x00,0x00,0x00,0x00,0x00,0x00,0x00,0x00,0x00,0x00,0x00,0x00,0x00,
	0x00,0x00,0x00,0x00,0x00,0x00,0x00,0x00,0x00,0x00,0x00,0x00,0x00,0x00,0x00,0x00,0x00,0x00,0x00,0x00,0x00,0x00,0x00,0x00,
	0x00,0x00,0x00,0x00,0x00,0x00,0x00,0x00,0x00,0x00,0x00,0x00,0x00,0x00,0x00,0x00,0x00,0x00,0x00,0x00,0x00,0x00,0x00,0x00,
	0x00,0x00,0x00,0x00,0x00,0x00,0x00,0x00,0x00,0x00,0x00,0x00,0x00,0x00,0x00,0x00,0x00,0x00,0x00,0x00,0x00,0x00,0x00,0x00,
	0x00,0x00,0x00,0x00,0x00,0x00,0x00,0x00,0x00,0x00,0x00,0x00,0x00,0x00,0x00,0x00,0x00,0x00,0x00,0x00,0x00,0x00,0x00,0x00,
	0x00,0x00,0x00,0x00,0x00,0x00,0x00,0x00,0x00,0x00,0x00,0x00,0x00,0x00,0x00,0x00,0x00,0x00,0x00,0x00,0x00,0x00,0x00,0x00,
	0x00,0x00,0x00,0x00,0x00,0x00,0x00,0x00,0x00,0x00,0x00,0x00,0x00,0x00,0x00,0x00,0x00,0x00,0x00,0x00,0x00,0x00,0x00,0x00,
	0x00,0x00,0x00,0x00,0x00,0x00,0x00,0x00,0x00,0x00,0x00,0x00,0x00,0x00,0x00,0x00,0x00,0x00,0x00,0x00,0x00,0x00,0x00,0x00,
	0x00,0x00,0x00,0x00,0x00,0x00,0x00,0x00,0x00,0x00,0x00,0x00,0x00,0x00,0x00,0x00,0x00,0x00,0x00,0x00,0x00,0x00,0x00,0x00,
	0x00,0x00,0x00,0x00,0x00,0x00,0x00,0x00,0x00,0x00,0x00,0x00,0x00,0x00,0x00,0x00,0x00,0x00,0x00,0x00,0x00,0x00,0x00,0x00,
	0x00,0x00,0x00,0x00,0x00,0x00,0x00,0x00,0x00,0x00,0x00,0x00,0x00,0x00,0x00,0x00,0x00,0x00,0x00,0x00,0x00,0x00,0x00,0x00,
	0x00,0x00,0x00,0x00,0x00,0x00,0x00,0x00,0x00,0x00,0x00,0x00,0x00,0x00,0x00,0x00,0x00,0x00,0x00,0x00,0x00,0x00,0x00,0x00,
	0x00,0x00,0x00,0x00,0x00,0x00,0x00,0x00,0x00,0x00,0x00,0x00,0x00,0x00,0x00,0x00,0x00,0x00,0x00,0x00,0x00,0x00,0x00,0x00,
	0x00,0x00,0x00,0x00,0x00,0x00,0x00,0x00,0x00,0x00,0x00,0x00,0x00,0x00,0x00,0x00,0x00,0x00,0x00,0x00,0x00,0x00,0x00,0x00,
	0x00,0x00,0x00,0x00,0x00,0x00,0x00,0x00,0x00,0x00,0x00,0x00,0x00,0x00,0x00,0x00,0x00,0x00,0x00,0x00,0x00,0x00,0x00,0x00,
	0x00,0x00,0x00,0x00,0x00,0x00,0x00,0x00,0x00,0x00,0x00,0x00,0x00,0x00,0x00,0x00,0x00,0x00,0x00,0x00,0x00,0x00,0x00,0x00,
	0x00,0x00,0x00,0x00,0x00,0x00,0x00,0x00,0x00,0x00,0x00,0x00,0x00,0x00,0x00,0x00,0x00,0x00,0x00,0x00,0x00,0x00,0x00,0x00,
	0x00,0x00,0x00,0x00,0x00,0x00,0x00,0x00,0x00,0x00,0x00,0x00,0x00,0x01,0x01,0x01,0x02,0x02,0x02,0x03,0x03,0x03,0x04,0x04,
	0x04,0x05,0x05,0x05,0x06,0x06,0x06,0x07,0x07,0x07,0x08,0x08,0x08,0x09,0x09,0x09,0x0a,0x0a,0x0a,0x0b,0x0b,0x0b,0x0c,0x0c,
	0x0c,0x0d,0x0d,0x0d,0x0e,0x0e,0x0e,0x0f,0x0f,0x0f,0x10,0x10,0x10,0x11,0x11,0x11,0x12,0x12,0x12,0x13,0x13,0x13,0x14,0x14,
	0x14,0x15,0x15,0x15,0x16,0x16,0x16,0x17,0x17,0x17,0x18,0x18,0x18,0x19,0x19,0x19,0x1a,0x1a,0x1a,0x1b,0x1b,0x1b,0x1c,0x1c,
	0x1c,0x1d,0x1d,0x1d,0x1e,0x1e,0x1e,0x1f,0x1f,0x1f,0x20,0x20,0x20,0x21,0x21,0x21,0x22,0x22,0x22,0x23,0x23,0x23,0x24,0x24,
	0x24,0x25,0x25,0x25,0x26,0x26,0x26,0x27,0x27,0x27,0x28,0x28,0x28,0x29,0x29,0x29,0x2a,0x2a,0x2a,0x2b,0x2b,0x2b,0x2c,0x2c,
	0x2c,0x2d,0x2d,0x2d,0x2e,0x2e,0x2e,0x2f,0x2f,0x2f,0x30,0x30,0x30,0x31,0x31,0x31,0x32,0x32,0x32,0x33,0x33,0x33,0x34,0x34,
	0x34,0x35,0x35,0x35,0x36,0x36,0x36,0x37,0x37,0x37,0x38,0x38,0x38,0x39,0x39,0x39,0x3a,0x3a,0x3a,0x3b,0x3b,0x3b,0x3c,0x3c,
	0x3c,0x3d,0x3d,0x3d,0x3e,0x3e,0x3e,0x3f,0x3f,0x3f,0x00,0x00,0x00,0x00,0x00,0x00,0x00,0x00,0x00,0x00,0x00,0x00,0x00,0x00,
	0x00,0x00,0x00,0x00,0x00,0x00,0x00,0x00,0x00,0x00,0x00,0x00,0x00,0x00,0x00,0x00,0x00,0x00,0x00,0x00,0x00,0x00,0x00,0x00,
	0x00,0x00,0x00,0x00,0x00,0x00,0x00,0x00,0x00,0x00,0x00,0x00,0x00,0x00,0x00,0x00,0x00,0x00,0x00,0x00,0x00,0x00,0x00,0x00,
	0x00,0x00,0x00,0x00,0x00,0x00,0x00,0x00,0x00,0x00,0x00,0x00,0x00,0x00,0x00,0x00,0x00,0x00,0x00,0x00,0x00,0x00,0x00,0x00,
	0x00,0x00,0x00,0x00,0x00,0x00,0x00,0x00,0x00,0x00,0x00,0x00,0x00,0x00,0x00,0x00,0x00,0x00,0x00,0x00,0x00,0x00,0x00,0x00,
	0x00,0x00,0x00,0x00,0x00,0x00,0x00,0x00,0x00,0x00,0x00,0x00,0x00,0x00,0x00,0x00,0x00,0x00,0x00,0x00,0x00,0x00,0x00,0x00,
	0x00,0x00,0x00,0x00,0x00,0x00,0x00,0x00,0x00,0x00,0x00,0x00,0x00,0x00,0x00,0x00,0x00,0x00,0x00,0x00,0x00,0x00,0x00,0x00,
	0x00,0x00,0x00,0x00,0x00,0x00,0x00,0x00,0x00,0x00,0x00,0x00,0x00,0x00,0x00,0x00,0x00,0x00,0x00,0x00,0x00,0x00,0x00,0x00,
	0x00,0x00,0x00,0x00,0x00,0x00,0x00,0x00,0x00,0x00,0x00,0x00,0x00,0x00,0x00,0x00,0x00,0x00,0x00,0x00,0x00,0x00,0x00,0x00,
	0x00,0x00,0x00,0x00,0x00,0x00,0x00,0x00,0x00,0x00,0x00,0x00,0x00,0x00,0x00,0x00,0x00,0x00,0x00,0x00,0x00,0x00,0x00,0x00,
	0x00,0x00,0x00,0x00,0x00,0x00,0x00,0x00,0x00,0x00,0x00,0x00,0x00,0x00,0x00,0x00,0x00,0x00,0x00,0x00,0x00,0x00,0x00,0x00,
	0x00,0x00,0x00,0x00,0x00,0x00,0x00,0x00,0x00,0x00,0x00,0x00,0x00,0x00,0x00,0x00,0x00,0x00,0x00,0x00,0x00,0x00,0x00,0x00,
	0x00,0x00,0x00,0x00,0x00,0x00,0x00,0x00,0x00,0x00,0x00,0x00,0x00,0x00,0x00,0x00,0x00,0x00,0x00,0x00,0x00,0x00,0x00,0x00,
	0x00,0x00,0x00,0x00,0x00,0x00,0x00,0x00,0x00,0x00,0x00,0x00,0x00,0x00,0x00,0x00,0x00,0x00,0x00,0x00,0x00,0x00,0x00,0x00,
	0x00,0x00,0x00,0x00,0x00,0x00,0x00,0x00,0x00,0x00,0x00,0x00,0x00,0x00,0x00,0x00,0x00,0x00,0x00,0x00,0x00,0x00,0x00,0x00,
	0x00,0x00,0x00,0x00,0x00,0x00,0x00,0x00,0x00,0x00,0x00,0x00,0x00,0x00,0x00,0x00,0x00,0x00,0x00,0x00,0x00,0x00,0x00,0x00,
	0x00,0x00,0x00,0x00,0x00,0x00,0x00,0x00,0x00,0x00,0x00,0x00,0x00,0x00,0x00,0x00,0x00,0x00,0x00,0x00,0x00,0x00,0x00,0x00,
	0x00,0x00,0x00,0x00,0x00,0x00,0x00,0x00,0x00,0x00,0x00,0x00,0x00,0x00,0x00,0x00,0x00,0x00,0x00,0x00,0x00,0x00,0x00,0x00,
	0x00,0x00,0x00,0x00,0x00,0x00,0x00,0x00,0x00,0x00,0x00,0x00,0x00,0x00,0x00,0x00,0x00,0x00,0x00,0x00,0x00,0x00,0x00,0x00,
	0x00,0x00,0x00,0x00,0x00,0x00,0x00,0x00,0x00,0x00,0x00,0x00,0x00,0x00,0x00,0x00,0x00,0x00,0x00,0x00,0x00,0x00,0x00,0x00,
	0x00,0x00,0x00,0x00,0x00,0x00,0x00,0x00,0x00,0x00,0x00,0x00,0x00,0x00,0x00,0x00,0x00,0x00,0x00,0x00,0x00,0x00,0x00,0x00,
	0x00,0x00,0x00,0x00,0x00,0x00,0x00,0x00,0x00,0x00,0x00,0x00,0x00,0x00,0x00,0x00,0x00,0x00,0x00,0x00,0x00,0x00,0x00,0x00,
	0x00,0x00,0x00,0x00,0x00,0x00,0x00,0x00,0x00,0x00,0x00,0x00,0x00,0x00,0x00,0x00,0x00,0x00,0x00,0x00,0x00,0x00,0x00,0x00,
	0x00,0x00,0x00,0x00,0x00,0x00,0x00,0x00,0x00,0x00,0x00,0x00,0x00,0x00,0x00,0x00,0x00,0x00,0x00,0x00,0x00,0x00,0x00,0x00,
	0x00,0x00,0x00,0x00,0x00,0x00,0x00,0x00,0x00,0x00,0x00,0x00,0x00,0x00,0x00,0x00,0x00,0x00,0x00,0x00,0x00,0x00,0x00,0x00,
	0x00,0x00,0x00,0x00,0x00,0x00,0x00,0x00,0x00,0x00,0x00,0x00,0x00,0x00,0x00,0x00,0x00,0x00,0x00,0x00,0x00,0x00,0x00,0x00,
	0x00,0x00,0x00,0x00,0x00,0x00,0x00,0x00,0x00,0x00,0x00,0x00,0x00,0x00,0x00,0x00,0x00,0x00,0x00,0x00,0x00,0x00,0x00,0x00,
	0x00,0x00,0x00,0x00,0x00,0x00,0x00,0x00,0x00,0x00,0x00,0x00,0x00,0x00,0x00,0x00,0x00,0x00,0x00,0x00,0x00,0x00,0x00,0x00,
	0x00,0x00,0x00,0x00,0x00,0x00,0x00,0x00,0x00,0x00,0x00,0x00,0x00,0x00,0x00,0x00,0x00,0x00,0x00,0x00,0x00,0x00,0x00,0x00,
	0x00,0x00,0x00,0x00,0x00,0x00,0x00,0x00,0x00,0x00,0x00,0x00,0x00,0x00,0x00,0x00,0x00,0x00,0x00,0x00,0x00,0x00,0x00,0x00,
	0x00,0x00,0x00,0x00,0x00,0x00,0x00,0x00,0x00,0x00,0x00,0x00,0x00,0x00,0x00,0x00,0x00,0x00,0x00,0x00,0x00,0x00,0x00,0x00,
	0x00,0x00,0x00,0x00,0x00,0x00,0x00,0x00,0x00,0x00,0x00,0x00,0x00,0x00,0x00,0x00,0x00,0x00,0x00,0x00,0x00,0x00,0x00,0x00,
	0x00,0x00,0x00,0x00,0x00,0x00,0x00,0x00,0x00,0x00,0x00,0x00,0x00,0x00,0x00,0x00,0x00,0x00,0x00,0x00,0x00,0x00,0x00,0x00,
	0x00,0x00,0x00,0x00,0x00,0x00,0x00,0x00,0x00,0x00,0x00,0x00,0x00,0x00,0x00,0x00,0x00,0x00,0x00,0x00,0x00,0x00,0x00,0x00,
	0x00,0x00,0x00,0x00,0x00,0x00,0x00,0x00,0x00,0x00,0x00,0x00,0x00,0x00,0x00,0x00,0x00,0x00,0x00,0x00,0x00,0x00,0x00,0x00,
	0x00,0x00,0x00,0x00,0x00,0x00,0x00,0x00,0x00,0x00,0x00,0x00,0x00,0x00,0x00,0x00,0x00,0x00,0x00,0x00,0x00,0x00,0x00,0x00,
	0x00,0x00,0x00,0x00,0x00,0x00,0x00,0x00,0x00,0x00,0x00,0x00,0x00,0x00,0x00,0x00,0x00,0x00,0x00,0x00,0x00,0x00,0x00,0x00,
	0x00,0x00,0x00,0x00,0x00,0x00,0x00,0x00,0x00,0x00,0x00,0x00,0x00,0x00,0x00,0x00,0x00,0x00,0x00,0x00,0x00,0x00,0x00,0x00,
	0x00,0x00,0x00,0x00,0x00,0x00,0x00,0x00,0x00,0x00,0x00,0x00,0x00,0x00,0x00,0x00,0x00,0x00,0x00,0x00,0x00,0x00,0x00,0x00,
	0x00,0x00,0x00,0x00,0x00,0x00,0x00,0x00,0x00,0x00,0x00,0x00,0x00,0x00,0x00,0x00,0x00,0x00,0x00,0x00,0x00,0x00,0x00,0x00,
	0x00,0x00,0x00,0x00,0x00,0x00,0x00,0x00,0x00,0x00,0x00,0x00,0x00,0x00,0x00,0x00,0x00,0x00,0x00,0x00,0x00,0x00,0x00,0x00,
	0x00,0x00,0x00,0x00,0x00,0x00,0x00,0x00,0x00,0x00,0x00,0x00,0x00,0x00,0x00,0x00,0x00,0x00,0x00,0x00,0x00,0x00,0x00,0x00,
	0x00,0x00,0x00,0x00,0x00,0x00,0x00,0x00,0x00,0x00,0x00,0x00,0x00,0x00,0x00,0x00,0x00,0x00,0x00,0x00,0x00,0x00,0x00,0x00,
	0x00,0x00,0x00,0x00,0x00,0x00,0x00,0x00,0x00,0x00,0x00,0x00,0x00,0x00,0x00,0x00,0x00,0x00,0x00,0x00,0x00,0x00,0x00,0x00,
	0x00,0x00,0x00,0x00,0x00,0x00,0x00,0x00,0x00,0x00,0x00,0x00,0x00,0x00,0x00,0x00,0x00,0x00,0x00,0x00,0x00,0x00,0x00,0x00,
	0x00,0x00,0x00,0x00,0x00,0x00,0x00,0x00,0x00,0x00,0x00,0x00,0x00,0x00,0x00,0x00,0x00,0x00,0x00,0x00,0x00,0x00,0x00,0x00,
	0x00,0x00,0x00,0x00,0x00,0x00,0x00,0x00,0x00,0x00,0x00,0x00,0x00,0x00,0x00,0x00,0x00,0x00,0x00,0x00,0x00,0x00,0x00,0x00,
	0x00,0x00,0x00,0x00,0x00,0x00,0x00,0x00,0x00,0x00,0x00,0x00,0x00,0x00,0x00,0x00,0x00,0x00,0x00,0x00,0x00,0x00,0x00,0x00,
	0x00,0x00,0x00,0x00,0x00,0x00,0x00,0x00,0x00,0x00,0x00,0x00,0x00,0x00,0x00,0x00,0x00,0x00,0x00,0x00,0x00,0x00,0x00,0x00,
	0x00,0x00,0x00,0x00,0x00,0x00,0x00,0x00,0x00,0x00,0x00,0x00,0x00,0x00,0x00,0x00,0x00,0x00,0x00,0x00,0x00,0x00,0x00,0x00,
	0x00,0x00,0x00,0x00,0x00,0x00,0x00,0x00,0x00,0x00,0x00,0x00,0x00,0x00,0x00,0x00,0x00,0x00,0x00,0x00,0x00,0x00,0x00,0x00,
	0x00,0x00,0x00,0x00,0x00,0x00,0x00,0x00,0x00,0x00,0x00,0x00,0x00,0x00,0x00,0x00,0x00,0x00,0x00,0x00,0x00,0x00,0x00,0x00,
	0x00,0x00,0x00,0x00,0x00,0x00,0x00,0x00,0x00,0x00,0x00,0x00,0x00,0x00,0x00,0x00,0x00,0x00,0x00,0x00,0x00,0x00,0x00,0x00,
	0x00,0x00,0x00,0x00,0x00,0x00,0x00,0x00,0x00,0x00,0x00,0x00,0x00,0x00,0x00,0x00,0x00,0x00,0x00,0x00,0x00,0x00,0x00,0x00,
	0x00,0x00,0x00,0x00,0x00,0x00,0x00,0x00,0x00,0x00,0x00,0x00,0x00,0x00,0x00,0x00,0x00,0x00,0x00,0x00,0x00,0x00,0x00,0x00,
	0x00,0x00,0x00,0x00,0x00,0x00,0x00,0x00,0x00,0x00,0x00,0x00,0x00,0x00,0x00,0x00,0x00,0x00,0x00,0x00,0x00,0x00,0x00,0x00,
	0x00,0x00,0x00,0x00,0x00,0x00,0x00,0x00,0x00,0x00,0x00,0x00,0x00,0x00,0x00,0x00,0x00,0x00,0x00,0x00,0x00,0x00,0x00,0x00,
	0x00,0x00,0x00,0x00,0x00,0x00,0x00,0x00,0x00,0x00,0x00,0x00,0x00,0x00,0x00,0x00,0x00,0x00,0x00,0x00,0x00,0x00,0x00,0x00,
	0x00,0x00,0x00,0x00,0x00,0x00,0x00,0x00,0x00,0x00,0x00,0x00,0x00,0x00,0x00,0x00,0x00,0x00,0x00,0x00,0x00,0x00,0x00,0x00,
	0x00,0x00,0x00,0x00,0x00,0x00,0x00,0x00,0x00,0x00,0x00,0x00,0x00,0x00,0x00,0x00,0x00,0x00,0x00,0x00,0x00,0x00,0x00,0x00,
	0x00,0x00,0x00,0x00,0x00,0x00,0x00,0x00,0x00,0x00,0x00,0x00,0x00,0x00,0x00,0x00,0x00,0x00,0x00,0x00,0x00,0x00,0x00,0x00,
	0x00,0x00,0x00,0x00,0x00,0x00,0x00,0x00,0x00,0x00,0x00,0x00,0x00,0xc1,0xc2,0xc3,0xc4,0xc4,0xc4,0xc3,0xc2,0xc1,0x00,0x00,
	0x00,0x00,0x00,0x00,0x00,0x00,0x00,0x00,0x00,0x00,0x00,0x00,0x00,0x00,0x00,0x00,0x00,0x00,0x00,0x00,0x00,0x00,0x00,0x00,
	0x00,0x00,0x00,0x00,0x00,0x00,0x00,0x00,0x00,0x00,0x00,0x00,0x00,0x00,0x00,0x00,0x00,0x00,0x00,0x00,0x00,0x00,0x00,0x00,
	0x00,0x00,0x00,0x00,0x00,0x00,0x00,0x00,0x00,0x00,0x00,0x00,0x00,0x00,0x00,0x00,0x00,0x00,0x00,0x00,0x00,0x00,0x00,0x00,
	0x00,0x00,0x00,0x00,0x00,0x00,0x00,0x00,0x00,0x00,0x00,0x00,0x00,0x00,0x00,0x00,0x00,0x00,0x00,0x00,0x00,0x00,0x00,0x00,
	0x00,0x00,0x00,0x00,0x00,0x00,0x00,0x00,0x00,0x00,0x00,0x00,0x00,0x00,0xc1,0xc3,0xc7,0xcb,0xd0,0xd4,0xd8,0xdc,0xde,0xdf,
	0xe1,0xe1,0xe1,0xdf,0xde,0xdc,0xd8,0xd4,0xd0,0xcb,0xc7,0xc3,0xc1,0x00,0x00,0x00,0x00,0x00,0x00,0x00,0x00,0x00,0x00,0x00,
	0x00,0x00,0x00,0x00,0x00,0x00,0x00,0x00,0x00,0x00,0x00,0x00,0x00,0x00,0x00,0x00,0x00,0x00,0x00,0x00,0x00,0x00,0x00,0x00,
	0x00,0x00,0x00,0x00,0x00,0x00,0x00,0x00,0x00,0x00,0x00,0x00,0x00,0x00,0x00,0x00,0x00,0x00,0x00,0x00,0x00,0x00,0x00,0x00,
	0x00,0x00,0x00,0x00,0x00,0x00,0x00,0x00,0x00,0x00,0x00,0x00,0x00,0x00,0x00,0x00,0x00,0x00,0x00,0x00,0x00,0x00,0x00,0x00,
	0x00,0x00,0x00,0x00,0x00,0x00,0x00,0x00,0x00,0x00,0x00,0x00,0x00,0x00,0x00,0x00,0x00,0x00,0xc1,0xc5,0xca,0xd2,0xdb,0xe2,
	0xe9,0xef,0xf2,0xf6,0xf8,0xf9,0xfa,0xfa,0xfb,0xfc,0xfb,0xfa,0xfa,0xf9,0xf8,0xf6,0xf2,0xef,0xe9,0xe2,0xdb,0xd2,0xca,0xc5,
	0xc1,0x00,0x00,0x00,0x00,0x00,0x00,0x00,0x00,0x00,0x00,0x00,0x00,0x00,0x00,0x00,0x00,0x00,0x00,0x00,0x00,0x00,0x00,0x00,
	0x00,0x00,0x00,0x00,0x00,0x00,0x00,0x00,0x00,0x00,0x00,0x00,0x00,0x00,0x00,0x00,0x00,0x00,0x00,0x00,0x00,0x00,0x00,0x00,
	0x00,0x00,0x00,0x00,0x00,0x00,0x00,0x00,0x00,0x00,0x00,0x00,0x00,0x00,0x00,0x00,0x00,0x00,0x00,0x00,0x00,0x00,0x00,0x00,
	0x00,0x00,0x00,0x00,0x00,0x00,0x00,0x00,0x00,0x00,0x00,0x00,0x00,0x00,0x00,0x00,0x00,0x00,0x00,0x00,0x00,0x00,0x00,0xc2,
	0xc5,0xce,0xd9,0xe5,0xed,0xf3,0xf8,0xfa,0xfc,0xfd,0xfc,0xfd,0xfc,0xfc,0xfb,0xfb,0xfb,0xfb,0xfb,0xfb,0xfb,0xfc,0xfc,0xfd,
	0xfc,0xfd,0xfc,0xfa,0xf8,0xf3,0xed,0xe5,0xd9,0xce,0xc5,0xc2,0x00,0x00,0x00,0x00,0x00,0x00,0x00,0x00,0x00,0x00,0x00,0x00,
	0x00,0x00,0x00,0x00,0x00,0x00,0x00,0x00,0x00,0x00,0x00,0x00,0x00,0x00,0x00,0x00,0x00,0x00,0x00,0x00,0x00,0x00,0x00,0x00,
	0x00,0x00,0x00,0x00,0x00,0x00,0x00,0x00,0x00,0x00,0x00,0x00,0x00,0x00,0x00,0x00,0x00,0x00,0x00,0x00,0x00,0x00,0x00,0x00,
	0x00,0x00,0x00,0x00,0x00,0x00,0x00,0x00,0x00,0x00,0x00,0x00,0x00,0x00,0x00,0x00,0x00,0x00,0x00,0x00,0x00,0x00,0x00,0x00,
	0x00,0x00,0x00,0x00,0xc1,0xc3,0xcb,0xd8,0xe6,0xf1,0xf7,0xfb,0xfc,0xfc,0xfb,0xfa,0xf9,0xf9,0xf8,0xf7,0xf6,0xf6,0xf5,0xf5,
	0xf5,0xf5,0xf5,0xf5,0xf5,0xf6,0xf6,0xf7,0xf8,0xf9,0xf9,0xfa,0xfb,0xfc,0xfc,0xfb,0xf7,0xf1,0xe6,0xd8,0xcb,0xc3,0xc1,0x00,
	0x00,0x00,0x00,0x00,0x00,0x00,0x00,0x00,0x00,0x00,0x00,0x00,0x00,0x00,0x00,0x00,0x00,0x00,0x00,0x00,0x00,0x00,0x00,0x00,
	0x00,0x00,0x00,0x00,0x00,0x00,0x00,0x00,0x00,0x00,0x00,0x00,0x00,0x00,0x00,0x00,0x00,0x00,0x00,0x00,0x00,0x00,0x00,0x00,
	0x00,0x00,0x00,0x00,0x00,0x00,0x00,0x00,0x00,0x00,0x00,0x00,0x00,0x00,0x00,0x00,0x00,0x00,0x00,0x00,0x00,0x00,0x00,0x00,
	0x00,0x00,0x00,0x00,0x00,0x00,0x00,0x00,0x00,0x00,0xc1,0xc5,0xd0,0xe1,0xf0,0xf8,0xfb,0xfc,0xfc,0xfb,0xf9,0xf7,0xf6,0xf5,
	0xf4,0xf3,0xf2,0xf2,0xf1,0xf0,0xf0,0xf0,0xef,0xef,0xef,0xf0,0xf0,0xf0,0xf1,0xf2,0xf2,0xf3,0xf4,0xf5,0xf6,0xf7,0xf9,0xfb,
	0xfc,0xfc,0xfb,0xf8,0xf0,0xe1,0xd0,0xc5,0xc1,0x00,0x00,0x00,0x00,0x00,0x00,0x00,0x00,0x00,0x00,0x00,0x00,0x00,0x00,0x00,
	0x00,0x00,0x00,0x00,0x00,0x00,0x00,0x00,0x00,0x00,0x00,0x00,0x00,0x00,0x00,0x00,0x00,0x00,0x00,0x00,0x00,0x00,0x00,0x00,
	0x00,0x00,0x00,0x00,0x00,0x00,0x00,0x00,0x00,0x00,0x00,0x00,0x00,0x00,0x00,0x00,0x00,0x00,0x00,0x00,0x00,0x00,0x00,0x00,
	0x00,0x00,0x00,0x00,0x00,0x00,0x00,0x00,0x00,0x00,0x00,0x00,0x00,0x00,0x00,0x00,0xc1,0xc6,0xd2,0xe5,0xf4,0xfb,0xfd,0xfc,
	0xf9,0xf8,0xf6,0xf5,0xf3,0xf1,0xf0,0xef,0xee,0xee,0xec,0xec,0xeb,0xeb,0xeb,0xea,0xea,0xea,0xea,0xea,0xeb,0xeb,0xeb,0xec,
	0xec,0xee,0xee,0xef,0xf0,0xf1,0xf3,0xf5,0xf6,0xf8,0xf9,0xfc,0xfd,0xfb,0xf4,0xe5,0xd2,0xc6,0xc1,0x00,0x00,0x00,0x00,0x00,
	0x00,0x00,0x00,0x00,0x00,0x00,0x00,0x00,0x00,0x00,0x00,0x00,0x00,0x00,0x00,0x00,0x00,0x00,0x00,0x00,0x00,0x00,0x00,0x00,
	0x00,0x00,0x00,0x00,0x00,0x00,0x00,0x00,0x00,0x00,0x00,0x00,0x00,0x00,0x00,0x00,0x00,0x00,0x00,0x00,0x00,0x00,0x00,0x00,
	0x00,0x00,0x00,0x00,0x00,0x00,0x00,0x00,0x00,0x00,0x00,0x00,0x00,0x00,0x00,0x00,0x00,0x00,0x00,0x00,0x00,0x00,0xc1,0xc7,
	0xd2,0xe6,0xf5,0xfc,0xfc,0xfa,0xf9,0xf7,0xf6,0xf3,0xf2,0xf0,0xee,0xed,0xeb,0xea,0xe9,0xe9,0xe8,0xe7,0xe7,0xe6,0xe6,0xe6,
	0xe6,0xe5,0xe6,0xe6,0xe6,0xe6,0xe7,0xe7,0xe8,0xe9,0xe9,0xea,0xeb,0xed,0xee,0xf0,0xf2,0xf3,0xf6,0xf7,0xf9,0xfa,0xfc,0xfc,
	0xf5,0xe6,0xd2,0xc7,0xc1,0x00,0x00,0x00,0x00,0x00,0x00,0x00,0x00,0x00,0x00,0x00,0x00,0x00,0x00,0x00,0x00,0x00,0x00,0x00,
	0x00,0x00,0x00,0x00,0x00,0x00,0x00,0x00,0x00,0x00,0x00,0x00,0x00,0x00,0x00,0x00,0x00,0x00,0x00,0x00,0x00,0x00,0x00,0x00,
	0x00,0x00,0x00,0x00,0x00,0x00,0x00,0x00,0x00,0x00,0x00,0x00,0x00,0x00,0x00,0x00,0x00,0x00,0x00,0x00,0x00,0x00,0x00,0x00,
	0x00,0x00,0x00,0x00,0x00,0xc4,0xcf,0xe2,0xf5,0xfc,0xfc,0xfb,0xf8,0xf6,0xf3,0xf1,0xf0,0xee,0xec,0xeb,0xe9,0xe7,0xe6,0xe5,
	0xe4,0xe3,0xe3,0xe2,0xe2,0xe1,0xe1,0xe1,0xe1,0xe1,0xe1,0xe1,0xe1,0xe1,0xe2,0xe2,0xe3,0xe3,0xe4,0xe5,0xe6,0xe7,0xe9,0xeb,
	0xec,0xee,0xf0,0xf1,0xf3,0xf6,0xf8,0xfb,0xfc,0xfc,0xf5,0xe2,0xcf,0xc4,0x00,0x00,0x00,0x00,0x00,0x00,0x00,0x00,0x00,0x00,
	0x00,0x00,0x00,0x00,0x00,0x00,0x00,0x00,0x00,0x00,0x00,0x00,0x00,0x00,0x00,0x00,0x00,0x00,0x00,0x00,0x00,0x00,0x00,0x00,
	0x00,0x00,0x00,0x00,0x00,0x00,0x00,0x00,0x00,0x00,0x00,0x00,0x00,0x00,0x00,0x00,0x00,0x00,0x00,0x00,0x00,0x00,0x00,0x00,
	0x00,0x00,0x00,0x00,0x00,0x00,0x00,0x00,0x00,0x00,0x00,0xc2,0xca,0xdc,0xf1,0xfd,0xfe,0xfb,0xf8,0xf5,0xf3,0xf1,0xee,0xed,
	0xeb,0xe9,0xe7,0xe6,0xe4,0xe3,0xe2,0xe1,0xe0,0xdf,0xdf,0xde,0xdd,0xdd,0xdd,0xdd,0xdd,0xdd,0xdd,0xdd,0xdd,0xdd,0xdd,0xde,
	0xdf,0xdf,0xe0,0xe1,0xe2,0xe3,0xe4,0xe6,0xe7,0xe9,0xeb,0xed,0xee,0xf1,0xf3,0xf5,0xf8,0xfb,0xfe,0xfd,0xf1,0xdc,0xca,0xc2,
	0x00,0x00,0x00,0x00,0x00,0x00,0x00,0x00,0x00,0x00,0x00,0x00,0x00,0x00,0x00,0x00,0x00,0x00,0x00,0x00,0x00,0x00,0x00,0x00,
	0x00,0x00,0x00,0x00,0x00,0x00,0x00,0x00,0x00,0x00,0x00,0x00,0x00,0x00,0x00,0x00,0x00,0x00,0x00,0x00,0x00,0x00,0x00,0x00,
	0x00,0x00,0x00,0x00,0x00,0x00,0x00,0x00,0x00,0x00,0x00,0x00,0x00,0x00,0x00,0x00,0x00,0x00,0xc5,0xd2,0xe7,0xfa,0xfe,0xfc,
	0xf9,0xf6,0xf4,0xf1,0xee,0xed,0xea,0xe8,0xe7,0xe4,0xe3,0xe2,0xe0,0xdf,0xde,0xdd,0xdd,0xdb,0xdb,0xda,0xda,0xda,0xd9,0xd9,
	0xd9,0xd8,0xd9,0xd9,0xd9,0xda,0xda,0xda,0xdb,0xdb,0xdd,0xdd,0xde,0xdf,0xe0,0xe2,0xe3,0xe4,0xe7,0xe8,0xea,0xed,0xee,0xf1,
	0xf4,0xf6,0xf9,0xfc,0xfe,0xfa,0xe7,0xd2,0xc5,0x00,0x00,0x00,0x00,0x00,0x00,0x00,0x00,0x00,0x00,0x00,0x00,0x00,0x00,0x00,
	0x00,0x00,0x00,0x00,0x00,0x00,0x00,0x00,0x00,0x00,0x00,0x00,0x00,0x00,0x00,0x00,0x00,0x00,0x00,0x00,0x00,0x00,0x00,0x00,
	0x00,0x00,0x00,0x00,0x00,0x00,0x00,0x00,0x00,0x00,0x00,0x00,0x00,0x00,0x00,0x00,0x00,0x00,0x00,0x00,0x00,0x00,0x00,0x00,
	0xc1,0xc8,0xd9,0xf0,0xfd,0xfd,0xfa,0xf7,0xf3,0xf2,0xee,0xec,0xea,0xe7,0xe6,0xe4,0xe3,0xe1,0xe0,0xde,0xdd,0xdc,0xda,0xda,
	0xd8,0xd8,0xd8,0xd7,0xd7,0xd7,0xd6,0xd6,0xd6,0xd6,0xd6,0xd6,0xd6,0xd7,0xd7,0xd7,0xd8,0xd8,0xd8,0xda,0xda,0xdc,0xdd,0xde,
	0xe0,0xe1,0xe3,0xe4,0xe6,0xe7,0xea,0xec,0xee,0xf2,0xf3,0xf7,0xfa,0xfd,0xfd,0xf0,0xd9,0xc8,0xc1,0x00,0x00,0x00,0x00,0x00,
	0x00,0x00,0x00,0x00,0x00,0x00,0x00,0x00,0x00,0x00,0x00,0x00,0x00,0x00,0x00,0x00,0x00,0x00,0x00,0x00,0x00,0x00,0x00,0x00,
	0x00,0x00,0x00,0x00,0x00,0x00,0x00,0x00,0x00,0x00,0x00,0x00,0x00,0x00,0x00,0x00,0x00,0x00,0x00,0x00,0x00,0x00,0x00,0x00,
	0x00,0x00,0x00,0x00,0x00,0x00,0x00,0xc2,0xcb,0xe1,0xf7,0xff,0xfb,0xf8,0xf6,0xf2,0xef,0xed,0xea,0xe7,0xe5,0xe3,0xe2,0xe0,
	0xde,0xdd,0xdc,0xdb,0xd9,0xd8,0xd7,0xd7,0xd6,0xd5,0xd5,0xd4,0xd4,0xd4,0xd3,0xd3,0xd3,0xd2,0xd3,0xd3,0xd3,0xd4,0xd4,0xd4,
	0xd5,0xd5,0xd6,0xd7,0xd7,0xd8,0xd9,0xdb,0xdc,0xdd,0xde,0xe0,0xe2,0xe3,0xe5,0xe7,0xea,0xed,0xef,0xf2,0xf6,0xf8,0xfb,0xff,
	0xf7,0xe1,0xcb,0xc2,0x00,0x00,0x00,0x00,0x00,0x00,0x00,0x00,0x00,0x00,0x00,0x00,0x00,0x00,0x00,0x00,0x00,0x00,0x00,0x00,
	0x00,0x00,0x00,0x00,0x00,0x00,0x00,0x00,0x00,0x00,0x00,0x00,0x00,0x00,0x00,0x00,0x00,0x00,0x00,0x00,0x00,0x00,0x00,0x00,
	0x00,0x00,0x00,0x00,0x00,0x00,0x00,0x00,0x00,0x00,0x00,0x00,0x00,0x00,0xc1,0xce,0xe6,0xfa,0xfe,0xfb,0xf7,0xf4,0xf0,0xed,
	0xeb,0xe8,0xe7,0xe3,0xe2,0xdf,0xde,0xdd,0xda,0xda,0xd9,0xd8,0xd5,0xd4,0xd4,0xd3,0xd2,0xd2,0xd1,0xd2,0xd1,0xd1,0xd0,0xd0,
	0xd0,0xd0,0xd0,0xd0,0xd0,0xd1,0xd1,0xd2,0xd1,0xd2,0xd2,0xd3,0xd4,0xd4,0xd5,0xd8,0xd9,0xda,0xda,0xdd,0xde,0xdf,0xe2,0xe3,
	0xe7,0xe8,0xeb,0xed,0xf0,0xf4,0xf7,0xfb,0xfe,0xfa,0xe6,0xce,0xc1,0x00,0x00,0x00,0x00,0x00,0x00,0x00,0x00,0x00,0x00,0x00,
	0x00,0x00,0x00,0x00,0x00,0x00,0x00,0x00,0x00,0x00,0x00,0x00,0x00,0x00,0x00,0x00,0x00,0x00,0x00,0x00,0x00,0x00,0x00,0x00,
	0x00,0x00,0x00,0x00,0x00,0x00,0x00,0x00,0x00,0x00,0x00,0x00,0x00,0x00,0x00,0x00,0x00,0x00,0x00,0x00,0x00,0xc2,0xd0,0xeb,
	0xfb,0xfc,0xf9,0xf5,0xf3,0xef,0xec,0xea,0xe7,0xe5,0xe3,0xdf,0xde,0xdc,0xda,0xd9,0xd7,0xd6,0xd5,0xd4,0xd3,0xd2,0xd1,0xd1,
	0xd0,0xcf,0xcf,0xcf,0xcf,0xcf,0xcf,0xce,0xce,0xce,0xce,0xce,0xcf,0xcf,0xcf,0xcf,0xcf,0xcf,0xd0,0xd1,0xd1,0xd2,0xd3,0xd4,
	0xd5,0xd6,0xd7,0xd9,0xda,0xdc,0xde,0xdf,0xe3,0xe5,0xe7,0xea,0xec,0xef,0xf3,0xf5,0xf9,0xfc,0xfb,0xeb,0xd0,0xc2,0x00,0x00,
	0x00,0x00,0x00,0x00,0x00,0x00,0x00,0x00,0x00,0x00,0x00,0x00,0x00,0x00,0x00,0x00,0x00,0x00,0x00,0x00,0x00,0x00,0x00,0x00,
	0x00,0x00,0x00,0x00,0x00,0x00,0x00,0x00,0x00,0x00,0x00,0x00,0x00,0x00,0x00,0x00,0x00,0x00,0x00,0x00,0x00,0x00,0x00,0x00,
	0x00,0x00,0x00,0x00,0xc2,0xd2,0xed,0xfc,0xfc,0xf8,0xf5,0xf1,0xef,0xeb,0xe9,0xe6,0xe3,0xe0,0xdf,0xdc,0xda,0xd9,0xd7,0xd6,
	0xd5,0xd4,0xd3,0xd2,0xd0,0xcf,0xcf,0xcf,0xce,0xcd,0xcd,0xcd,0xcd,0xcd,0xcc,0xcc,0xcc,0xcc,0xcc,0xcc,0xcc,0xcd,0xcd,0xcd,
	0xcd,0xcd,0xce,0xcf,0xcf,0xcf,0xd0,0xd2,0xd3,0xd4,0xd5,0xd6,0xd7,0xd9,0xda,0xdc,0xdf,0xe0,0xe3,0xe6,0xe9,0xeb,0xef,0xf1,
	0xf5,0xf8,0xfc,0xfc,0xed,0xd2,0xc2,0x00,0x00,0x00,0x00,0x00,0x00,0x00,0x00,0x00,0x00,0x00,0x00,0x00,0x00,0x00,0x00,0x00,
	0x00,0x00,0x00,0x00,0x00,0x00,0x00,0x00,0x00,0x00,0x00,0x00,0x00,0x00,0x00,0x00,0x00,0x00,0x00,0x00,0x00,0x00,0x00,0x00,
	0x00,0x00,0x00,0x00,0x00,0x00,0x00,0x00,0x00,0x00,0x00,0xc1,0xd2,0xee,0xfb,0xfb,0xf8,0xf5,0xf0,0xed,0xea,0xe7,0xe4,0xe2,
	0xe0,0xde,0xdb,0xd9,0xd7,0xd6,0xd4,0xd4,0xd2,0xd1,0xd0,0xcf,0xce,0xcd,0xcd,0xcd,0xcc,0xcc,0xcc,0xcb,0xcb,0xcb,0xca,0xca,
	0xca,0xca,0xca,0xca,0xca,0xcb,0xcb,0xcb,0xcc,0xcc,0xcc,0xcd,0xcd,0xcd,0xce,0xcf,0xd0,0xd1,0xd2,0xd4,0xd4,0xd6,0xd7,0xd9,
	0xdb,0xde,0xe0,0xe2,0xe4,0xe7,0xea,0xed,0xf0,0xf5,0xf8,0xfb,0xfb,0xee,0xd2,0xc1,0x00,0x00,0x00,0x00,0x00,0x00,0x00,0x00,
	0x00,0x00,0x00,0x00,0x00,0x00,0x00,0x00,0x00,0x00,0x00,0x00,0x00,0x00,0x00,0x00,0x00,0x00,0x00,0x00,0x00,0x00,0x00,0x00,
	0x00,0x00,0x00,0x00,0x00,0x00,0x00,0x00,0x00,0x00,0x00,0x00,0x00,0x00,0x00,0x00,0x00,0x00,0xc2,0xd2,0xee,0xfb,0xfc,0xf8,
	0xf4,0xf0,0xec,0xe9,0xe6,0xe4,0xe1,0xdf,0xdd,0xdb,0xd9,0xd6,0xd5,0xd4,0xd1,0xd1,0xcf,0xce,0xce,0xcd,0xcd,0xcb,0xcc,0xca,
	0xca,0xca,0xc9,0xc9,0xc8,0xc8,0xc8,0xc8,0xc8,0xc8,0xc8,0xc8,0xc8,0xc8,0xc8,0xc9,0xc9,0xca,0xca,0xca,0xcc,0xcb,0xcd,0xcd,
	0xce,0xce,0xcf,0xd1,0xd1,0xd4,0xd5,0xd6,0xd9,0xdb,0xdd,0xdf,0xe1,0xe4,0xe6,0xe9,0xec,0xf0,0xf4,0xf8,0xfc,0xfb,0xee,0xd2,
	0xc2,0x00,0x00,0x00,0x00,0x00,0x00,0x00,0x00,0x00,0x00,0x00,0x00,0x00,0x00,0x00,0x00,0x00,0x00,0x00,0x00,0x00,0x00,0x00,
	0x00,0x00,0x00,0x00,0x00,0x00,0x00,0x00,0x00,0x00,0x00,0x00,0x00,0x00,0x00,0x00,0x00,0x00,0x00,0x00,0x00,0x00,0x00,0x00,
	0x00,0xc2,0xd0,0xed,0xfb,0xfb,0xf8,0xf4,0xf0,0xed,0xe9,0xe6,0xe3,0xe1,0xde,0xdb,0xd9,0xd8,0xd6,0xd3,0xd2,0xd1,0xd0,0xce,
	0xce,0xcd,0xcc,0xcb,0xcb,0xca,0xc9,0xc9,0xc8,0xc8,0xc8,0xc8,0xc8,0xc8,0xc8,0xc8,0xc7,0xc7,0xc7,0xc8,0xc8,0xc8,0xc8,0xc8,
	0xc8,0xc8,0xc8,0xc9,0xc9,0xca,0xcb,0xcb,0xcc,0xcd,0xce,0xce,0xd0,0xd1,0xd2,0xd3,0xd6,0xd8,0xd9,0xdb,0xde,0xe1,0xe3,0xe6,
	0xe9,0xed,0xf0,0xf4,0xf8,0xfb,0xfb,0xed,0xd0,0xc2,0x00,0x00,0x00,0x00,0x00,0x00,0x00,0x00,0x00,0x00,0x00,0x00,0x00,0x00,
	0x00,0x00,0x00,0x00,0x00,0x00,0x00,0x00,0x00,0x00,0x00,0x00,0x00,0x00,0x00,0x00,0x00,0x00,0x00,0x00,0x00,0x00,0x00,0x00,
	0x00,0x00,0x00,0x00,0x00,0x00,0x00,0x00,0xc2,0xce,0xeb,0xfc,0xfb,0xf8,0xf4,0xef,0xec,0xe9,0xe5,0xe2,0xdf,0xdd,0xda,0xd9,
	0xd6,0xd4,0xd3,0xd1,0xd0,0xce,0xce,0xcd,0xcc,0xcb,0xca,0xca,0xc8,0xc8,0xc8,0xc8,0xc8,0xc7,0xc7,0xc7,0xc6,0xc6,0xc6,0xc6,
	0xc6,0xc6,0xc6,0xc6,0xc6,0xc6,0xc6,0xc7,0xc7,0xc7,0xc8,0xc8,0xc8,0xc8,0xc8,0xca,0xca,0xcb,0xcc,0xcd,0xce,0xce,0xd0,0xd1,
	0xd3,0xd4,0xd6,0xd9,0xda,0xdd,0xdf,0xe2,0xe5,0xe9,0xec,0xef,0xf4,0xf8,0xfb,0xfc,0xeb,0xce,0xc2,0x00,0x00,0x00,0x00,0x00,
	0x00,0x00,0x00,0x00,0x00,0x00,0x00,0x00,0x00,0x00,0x00,0x00,0x00,0x00,0x00,0x00,0x00,0x00,0x00,0x00,0x00,0x00,0x00,0x00,
	0x00,0x00,0x00,0x00,0x00,0x00,0x00,0x00,0x00,0x00,0x00,0x00,0x00,0x00,0x00,0xc1,0xcb,0xe6,0xfb,0xfc,0xf8,0xf4,0xf0,0xec,
	0xe9,0xe5,0xe2,0xdf,0xdd,0xda,0xd8,0xd6,0xd4,0xd2,0xd1,0xcf,0xce,0xcd,0xcc,0xcb,0xca,0xca,0xc9,0xc8,0xc8,0xc8,0xc7,0xc6,
	0xc6,0xc6,0xc6,0xc6,0xc6,0xc5,0xc5,0xc5,0xc5,0xc5,0xc5,0xc5,0xc5,0xc5,0xc6,0xc6,0xc6,0xc6,0xc6,0xc6,0xc7,0xc8,0xc8,0xc8,
	0xc9,0xca,0xca,0xcb,0xcc,0xcd,0xce,0xcf,0xd1,0xd2,0xd4,0xd6,0xd8,0xda,0xdd,0xdf,0xe2,0xe5,0xe9,0xec,0xf0,0xf4,0xf8,0xfc,
	0xfb,0xe6,0xcb,0xc1,0x00,0x00,0x00,0x00,0x00,0x00,0x00,0x00,0x00,0x00,0x00,0x00,0x00,0x00,0x00,0x00,0x00,0x00,0x00,0x00,
	0x00,0x00,0x00,0x00,0x00,0x00,0x00,0x00,0x00,0x00,0x00,0x00,0x00,0x00,0x00,0x00,0x00,0x00,0x00,0x00,0x00,0x00,0x00,0xc7,
	0xe2,0xfa,0xfc,0xf8,0xf5,0xf0,0xed,0xe9,0xe5,0xe3,0xdf,0xdc,0xda,0xd8,0xd5,0xd4,0xd2,0xd0,0xce,0xce,0xcd,0xcb,0xcb,0xca,
	0xc9,0xc8,0xc8,0xc8,0xc6,0xc6,0xc6,0xc6,0xc5,0xc5,0xc5,0xc5,0xc5,0xc5,0xc5,0xc5,0xc5,0xc5,0xc5,0xc5,0xc5,0xc5,0xc5,0xc5,
	0xc5,0xc5,0xc5,0xc6,0xc6,0xc6,0xc6,0xc8,0xc8,0xc8,0xc9,0xca,0xcb,0xcb,0xcd,0xce,0xce,0xd0,0xd2,0xd4,0xd5,0xd8,0xda,0xdc,
	0xdf,0xe3,0xe5,0xe9,0xed,0xf0,0xf5,0xf8,0xfc,0xfa,0xe2,0xc7,0x00,0x00,0x00,0x00,0x00,0x00,0x00,0x00,0x00,0x00,0x00,0x00,
	0x00,0x00,0x00,0x00,0x00,0x00,0x00,0x00,0x00,0x00,0x00,0x00,0x00,0x00,0x00,0x00,0x00,0x00,0x00,0x00,0x00,0x00,0x00,0x00,
	0x00,0x00,0x00,0x00,0x00,0x00,0xc5,0xda,0xf7,0xfe,0xf9,0xf5,0xf0,0xec,0xe9,0xe5,0xe2,0xdf,0xdc,0xd9,0xd7,0xd5,0xd4,0xd2,
	0xd0,0xce,0xcd,0xcc,0xcb,0xca,0xc9,0xc8,0xc8,0xc8,0xc7,0xc6,0xc6,0xc5,0xc5,0xc5,0xc5,0xc5,0xc4,0xc4,0xc4,0xc4,0xc4,0xc3,
	0xc3,0xc3,0xc3,0xc3,0xc4,0xc4,0xc4,0xc4,0xc4,0xc5,0xc5,0xc5,0xc5,0xc5,0xc6,0xc6,0xc7,0xc8,0xc8,0xc8,0xc9,0xca,0xcb,0xcc,
	0xcd,0xce,0xd0,0xd2,0xd4,0xd5,0xd7,0xd9,0xdc,0xdf,0xe2,0xe5,0xe9,0xec,0xf0,0xf5,0xf9,0xfe,0xf7,0xda,0xc5,0x00,0x00,0x00,
	0x00,0x00,0x00,0x00,0x00,0x00,0x00,0x00,0x00,0x00,0x00,0x00,0x00,0x00,0x00,0x00,0x00,0x00,0x00,0x00,0x00,0x00,0x00,0x00,
	0x00,0x00,0x00,0x00,0x00,0x00,0x00,0x00,0x00,0x00,0x00,0x00,0x00,0xc3,0xd2,0xf0,0xff,0xfa,0xf5,0xf1,0xed,0xe9,0xe6,0xe2,
	0xdf,0xdc,0xd9,0xd6,0xd4,0xd3,0xd1,0xcf,0xce,0xcd,0xcb,0xcb,0xca,0xc9,0xc8,0xc8,0xc7,0xc6,0xc6,0xc6,0xc5,0xc5,0xc4,0xc4,
	0xc4,0xc3,0xc3,0xc3,0xc3,0xc3,0xc3,0xc3,0xc3,0xc3,0xc3,0xc3,0xc3,0xc3,0xc3,0xc3,0xc3,0xc3,0xc4,0xc4,0xc4,0xc5,0xc5,0xc6,
	0xc6,0xc6,0xc7,0xc8,0xc8,0xc9,0xca,0xcb,0xcb,0xcd,0xce,0xcf,0xd1,0xd3,0xd4,0xd6,0xd9,0xdc,0xdf,0xe2,0xe6,0xe9,0xed,0xf1,
	0xf5,0xfa,0xff,0xf0,0xd2,0xc3,0x00,0x00,0x00,0x00,0x00,0x00,0x00,0x00,0x00,0x00,0x00,0x00,0x00,0x00,0x00,0x00,0x00,0x00,
	0x00,0x00,0x00,0x00,0x00,0x00,0x00,0x00,0x00,0x00,0x00,0x00,0x00,0x00,0x00,0x00,0x00,0x00,0x00,0x00,0xc1,0xca,0xe8,0xfd,
	0xfb,0xf7,0xf3,0xef,0xea,0xe6,0xe3,0xdf,0xdd,0xda,0xd7,0xd4,0xd2,0xd0,0xce,0xce,0xce,0xcb,0xca,0xc8,0xc8,0xc8,0xc7,0xc6,
	0xc6,0xc6,0xc5,0xc5,0xc4,0xc4,0xc3,0xc3,0xc3,0xc3,0xc3,0xc3,0xc3,0xc3,0xc3,0xc3,0xc3,0xc3,0xc3,0xc3,0xc3,0xc3,0xc3,0xc3,
	0xc3,0xc3,0xc3,0xc3,0xc3,0xc4,0xc4,0xc5,0xc5,0xc6,0xc6,0xc6,0xc7,0xc8,0xc8,0xc8,0xca,0xcb,0xce,0xce,0xce,0xd0,0xd2,0xd4,
	0xd7,0xda,0xdd,0xdf,0xe3,0xe6,0xea,0xef,0xf3,0xf7,0xfb,0xfd,0xe8,0xca,0xc1,0x00,0x00,0x00,0x00,0x00,0x00,0x00,0x00,0x00,
	0x00,0x00,0x00,0x00,0x00,0x00,0x00,0x00,0x00,0x00,0x00,0x00,0x00,0x00,0x00,0x00,0x00,0x00,0x00,0x00,0x00,0x00,0x00,0x00,
	0x00,0x00,0x00,0x00,0xc5,0xdb,0xfa,0xfd,0xf8,0xf3,0xef,0xeb,0xe7,0xe4,0xe1,0xdd,0xda,0xd8,0xd5,0xd3,0xd0,0xce,0xce,0xcd,
	0xcb,0xc9,0xc9,0xc8,0xc8,0xc7,0xc6,0xc6,0xc5,0xc5,0xc5,0xc4,0xc3,0xc3,0xc3,0xc3,0xc3,0xc3,0xc3,0xc3,0xc3,0xc3,0xc3,0xc3,
	0xc3,0xc3,0xc3,0xc3,0xc3,0xc3,0xc3,0xc3,0xc3,0xc3,0xc3,0xc3,0xc3,0xc3,0xc3,0xc4,0xc5,0xc5,0xc5,0xc6,0xc6,0xc7,0xc8,0xc8,
	0xc9,0xc9,0xcb,0xcd,0xce,0xce,0xd0,0xd3,0xd5,0xd8,0xda,0xdd,0xe1,0xe4,0xe7,0xeb,0xef,0xf3,0xf8,0xfd,0xfa,0xdb,0xc5,0x00,
	0x00,0x00,0x00,0x00,0x00,0x00,0x00,0x00,0x00,0x00,0x00,0x00,0x00,0x00,0x00,0x00,0x00,0x00,0x00,0x00,0x00,0x00,0x00,0x00,
	0x00,0x00,0x00,0x00,0x00,0x00,0x00,0x00,0x00,0x00,0x00,0xc1,0xce,0xf0,0xfe,0xfb,0xf6,0xf0,0xec,0xe9,0xe4,0xe1,0xde,0xda,
	0xd8,0xd5,0xd4,0xd1,0xcf,0xce,0xcc,0xcb,0xc9,0xc9,0xc8,0xc7,0xc7,0xc5,0xc6,0xc5,0xc5,0xc3,0xc3,0xc3,0xc3,0xc3,0xc3,0xc3,
	0xc3,0xc3,0xc3,0xc2,0xc2,0xc2,0xc2,0xc2,0xc2,0xc2,0xc2,0xc2,0xc2,0xc2,0xc2,0xc2,0xc3,0xc3,0xc3,0xc3,0xc3,0xc3,0xc3,0xc3,
	0xc3,0xc3,0xc5,0xc5,0xc6,0xc5,0xc7,0xc7,0xc8,0xc9,0xc9,0xcb,0xcc,0xce,0xcf,0xd1,0xd4,0xd5,0xd8,0xda,0xde,0xe1,0xe4,0xe9,
	0xec,0xf0,0xf6,0xfb,0xfe,0xf0,0xce,0xc1,0x00,0x00,0x00,0x00,0x00,0x00,0x00,0x00,0x00,0x00,0x00,0x00,0x00,0x00,0x00,0x00,
	0x00,0x00,0x00,0x00,0x00,0x00,0x00,0x00,0x00,0x00,0x00,0x00,0x00,0x00,0x00,0x00,0x00,0x00,0x00,0xc6,0xe2,0xfd,0xfc,0xf8,
	0xf2,0xed,0xea,0xe6,0xe2,0xdf,0xdb,0xd9,0xd6,0xd4,0xd2,0xcf,0xcf,0xcc,0xcb,0xca,0xc8,0xc7,0xc7,0xc6,0xc5,0xc5,0xc4,0xc5,
	0xc3,0xc3,0xc3,0xc3,0xc3,0xc2,0xc2,0xc2,0xc2,0xc2,0xc2,0xc2,0xc2,0xc2,0xc2,0xc2,0xc2,0xc2,0xc2,0xc2,0xc2,0xc2,0xc2,0xc2,
	0xc2,0xc2,0xc2,0xc2,0xc2,0xc2,0xc3,0xc3,0xc3,0xc3,0xc3,0xc5,0xc4,0xc5,0xc5,0xc6,0xc7,0xc7,0xc8,0xca,0xcb,0xcc,0xcf,0xcf,
	0xd2,0xd4,0xd6,0xd9,0xdb,0xdf,0xe2,0xe6,0xea,0xed,0xf2,0xf8,0xfc,0xfd,0xe2,0xc6,0x00,0x00,0x00,0x00,0x00,0x00,0x00,0x00,
	0x00,0x00,0x00,0x00,0x00,0x00,0x00,0x00,0x00,0x00,0x00,0x00,0x00,0x00,0x00,0x00,0x00,0x00,0x00,0x00,0x00,0x00,0x00,0x00,
	0x00,0x00,0xc2,0xd2,0xf5,0xfd,0xf9,0xf3,0xef,0xeb,0xe7,0xe3,0xe0,0xdd,0xd9,0xd6,0xd4,0xd2,0xd0,0xce,0xcd,0xcb,0xca,0xc8,
	0xc8,0xc6,0xc6,0xc5,0xc5,0xc5,0xc3,0xc3,0xc3,0xc3,0xc3,0xc3,0xc2,0xc2,0xc2,0xc2,0xc2,0xc2,0xc2,0xc2,0xc2,0xc2,0xc2,0xc2,
	0xc1,0xc1,0xc1,0xc2,0xc2,0xc2,0xc2,0xc2,0xc2,0xc2,0xc2,0xc2,0xc2,0xc2,0xc2,0xc3,0xc3,0xc3,0xc3,0xc3,0xc3,0xc5,0xc5,0xc5,
	0xc6,0xc6,0xc8,0xc8,0xca,0xcb,0xcd,0xce,0xd0,0xd2,0xd4,0xd6,0xd9,0xdd,0xe0,0xe3,0xe7,0xeb,0xef,0xf3,0xf9,0xfd,0xf5,0xd2,
	0xc2,0x00,0x00,0x00,0x00,0x00,0x00,0x00,0x00,0x00,0x00,0x00,0x00,0x00,0x00,0x00,0x00,0x00,0x00,0x00,0x00,0x00,0x00,0x00,
	0x00,0x00,0x00,0x00,0x00,0x00,0x00,0x00,0x00,0x00,0xc6,0xe6,0xfd,0xfb,0xf6,0xf2,0xed,0xe8,0xe5,0xe0,0xde,0xdb,0xd8,0xd4,
	0xd2,0xd0,0xce,0xcd,0xcb,0xca,0xc9,0xc7,0xc7,0xc6,0xc5,0xc5,0xc4,0xc3,0xc3,0xc3,0xc3,0xc3,0xc3,0xc2,0xc2,0xc2,0xc2,0xc2,
	0xc2,0xc2,0xc2,0xc1,0xc1,0xc1,0xc1,0xc1,0xc1,0xc1,0xc1,0xc1,0xc1,0xc1,0xc1,0xc1,0xc2,0xc2,0xc2,0xc2,0xc2,0xc2,0xc2,0xc2,
	0xc3,0xc3,0xc3,0xc3,0xc3,0xc3,0xc4,0xc5,0xc5,0xc6,0xc7,0xc7,0xc9,0xca,0xcb,0xcd,0xce,0xd0,0xd2,0xd4,0xd8,0xdb,0xde,0xe0,
	0xe5,0xe8,0xed,0xf2,0xf6,0xfb,0xfd,0xe6,0xc6,0x00,0x00,0x00,0x00,0x00,0x00,0x00,0x00,0x00,0x00,0x00,0x00,0x00,0x00,0x00,
	0x00,0x00,0x00,0x00,0x00,0x00,0x00,0x00,0x00,0x00,0x00,0x00,0x00,0x00,0x00,0x00,0x00,0xc1,0xd2,0xf6,0xfc,0xf8,0xf4,0xee,
	0xea,0xe6,0xe3,0xde,0xdb,0xd8,0xd6,0xd3,0xd1,0xce,0xcd,0xcb,0xca,0xc9,0xc8,0xc7,0xc6,0xc5,0xc5,0xc4,0xc3,0xc3,0xc3,0xc3,
	0xc3,0xc2,0xc2,0xc2,0xc2,0xc2,0xc2,0xc2,0xc1,0xc1,0xc1,0xc1,0xc1,0xc1,0xc1,0xc1,0xc1,0xc1,0xc1,0xc1,0xc1,0xc1,0xc1,0xc1,
	0xc1,0xc1,0xc1,0xc2,0xc2,0xc2,0xc2,0xc2,0xc2,0xc2,0xc3,0xc3,0xc3,0xc3,0xc3,0xc4,0xc5,0xc5,0xc6,0xc7,0xc8,0xc9,0xca,0xcb,
	0xcd,0xce,0xd1,0xd3,0xd6,0xd8,0xdb,0xde,0xe3,0xe6,0xea,0xee,0xf4,0xf8,0xfc,0xf6,0xd2,0xc1,0x00,0x00,0x00,0x00,0x00,0x00,
	0x00,0x00,0x00,0x00,0x00,0x00,0x00,0x00,0x00,0x00,0x00,0x00,0x00,0x00,0x00,0x00,0x00,0x00,0x00,0x00,0x00,0x00,0x00,0x00,
	0x00,0xc5,0xe5,0xfc,0xfb,0xf5,0xf1,0xec,0xe7,0xe3,0xdf,0xdc,0xd9,0xd6,0xd3,0xd1,0xcf,0xce,0xcc,0xcb,0xc8,0xc8,0xc7,0xc6,
	0xc5,0xc5,0xc4,0xc3,0xc3,0xc3,0xc3,0xc3,0xc2,0xc2,0xc2,0xc2,0xc2,0xc2,0xc1,0xc1,0xc1,0xc1,0xc1,0xc1,0xc1,0xc1,0xc1,0xc1,
	0xc1,0xc1,0xc1,0xc1,0xc1,0xc1,0xc1,0xc1,0xc1,0xc1,0xc1,0xc1,0xc1,0xc2,0xc2,0xc2,0xc2,0xc2,0xc2,0xc3,0xc3,0xc3,0xc3,0xc3,
	0xc4,0xc5,0xc5,0xc6,0xc7,0xc8,0xc8,0xcb,0xcc,0xce,0xcf,0xd1,0xd3,0xd6,0xd9,0xdc,0xdf,0xe3,0xe7,0xec,0xf1,0xf5,0xfb,0xfc,
	0xe5,0xc5,0x00,0x00,0x00,0x00,0x00,0x00,0x00,0x00,0x00,0x00,0x00,0x00,0x00,0x00,0x00,0x00,0x00,0x00,0x00,0x00,0x00,0x00,
	0x00,0x00,0x00,0x00,0x00,0x00,0x00,0x00,0xc1,0xd0,0xf4,0xfc,0xf8,0xf3,0xee,0xea,0xe5,0xe2,0xde,0xda,0xd7,0xd5,0xd2,0xd0,
	0xce,0xcd,0xcb,0xca,0xc8,0xc8,0xc7,0xc5,0xc5,0xc4,0xc3,0xc3,0xc3,0xc3,0xc3,0xc2,0xc2,0xc2,0xc2,0xc2,0xc1,0xc1,0xc1,0xc1,
	0xc1,0xc1,0xc1,0xc1,0x00,0x00,0x00,0x00,0x00,0x00,0x00,0x00,0x00,0x00,0x00,0xc1,0xc1,0xc1,0xc1,0xc1,0xc1,0xc1,0xc1,0xc2,
	0xc2,0xc2,0xc2,0xc2,0xc3,0xc3,0xc3,0xc3,0xc3,0xc4,0xc5,0xc5,0xc7,0xc8,0xc8,0xca,0xcb,0xcd,0xce,0xd0,0xd2,0xd5,0xd7,0xda,
	0xde,0xe2,0xe5,0xea,0xee,0xf3,0xf8,0xfc,0xf4,0xd0,0xc1,0x00,0x00,0x00,0x00,0x00,0x00,0x00,0x00,0x00,0x00,0x00,0x00,0x00,
	0x00,0x00,0x00,0x00,0x00,0x00,0x00,0x00,0x00,0x00,0x00,0x00,0x00,0x00,0x00,0x00,0xc3,0xe1,0xfb,0xfa,0xf6,0xf1,0xed,0xe7,
	0xe3,0xdf,0xdc,0xd9,0xd6,0xd4,0xd1,0xce,0xcd,0xcb,0xca,0xc9,0xc8,0xc7,0xc5,0xc5,0xc5,0xc3,0xc3,0xc3,0xc3,0xc3,0xc2,0xc2,
	0xc2,0xc2,0xc2,0xc1,0xc1,0xc1,0xc1,0xc1,0xc1,0x00,0x00,0x00,0x00,0x00,0x00,0x00,0x00,0x00,0x00,0x00,0x00,0x00,0x00,0x00,
	0x00,0x00,0xc1,0xc1,0xc1,0xc1,0xc1,0xc1,0xc2,0xc2,0xc2,0xc2,0xc2,0xc3,0xc3,0xc3,0xc3,0xc3,0xc5,0xc5,0xc5,0xc7,0xc8,0xc9,
	0xca,0xcb,0xcd,0xce,0xd1,0xd4,0xd6,0xd9,0xdc,0xdf,0xe3,0xe7,0xed,0xf1,0xf6,0xfa,0xfb,0xe1,0xc3,0x00,0x00,0x00,0x00,0x00,
	0x00,0x00,0x00,0x00,0x00,0x00,0x00,0x00,0x00,0x00,0x00,0x00,0x00,0x00,0x00,0x00,0x00,0x00,0x00,0x00,0x00,0x00,0x00,0x00,
	0xcb,0xf0,0xfd,0xf9,0xf3,0xee,0xea,0xe6,0xe2,0xde,0xda,0xd7,0xd4,0xd1,0xd0,0xce,0xcc,0xcb,0xc9,0xc8,0xc7,0xc6,0xc6,0xc4,
	0xc3,0xc3,0xc3,0xc3,0xc3,0xc2,0xc2,0xc2,0xc2,0xc2,0xc1,0xc1,0xc1,0xc1,0xc1,0x00,0x00,0x00,0x00,0x00,0x00,0x00,0x00,0x00,
	0x00,0x00,0x00,0x00,0x00,0x00,0x00,0x00,0x00,0x00,0x00,0x00,0xc1,0xc1,0xc1,0xc1,0xc1,0xc2,0xc2,0xc2,0xc2,0xc2,0xc3,0xc3,
	0xc3,0xc3,0xc3,0xc4,0xc6,0xc6,0xc7,0xc8,0xc9,0xcb,0xcc,0xce,0xd0,0xd1,0xd4,0xd7,0xda,0xde,0xe2,0xe6,0xea,0xee,0xf3,0xf9,
	0xfd,0xf0,0xcb,0x00,0x00,0x00,0x00,0x00,0x00,0x00,0x00,0x00,0x00,0x00,0x00,0x00,0x00,0x00,0x00,0x00,0x00,0x00,0x00,0x00,
	0x00,0x00,0x00,0x00,0x00,0x00,0x00,0xc1,0xd8,0xf8,0xfc,0xf7,0xf1,0xed,0xe8,0xe4,0xe0,0xdd,0xd9,0xd6,0xd4,0xd1,0xce,0xcd,
	0xcb,0xca,0xc8,0xc8,0xc6,0xc6,0xc5,0xc5,0xc3,0xc3,0xc3,0xc3,0xc2,0xc2,0xc2,0xc2,0xc2,0xc1,0xc1,0xc1,0xc1,0x00,0x00,0x00,
	0x00,0x00,0x00,0x00,0x00,0x00,0x00,0x00,0x00,0x00,0x00,0x00,0x00,0x00,0x00,0x00,0x00,0x00,0x00,0x00,0x00,0x00,0xc1,0xc1,
	0xc1,0xc1,0xc2,0xc2,0xc2,0xc2,0xc2,0xc3,0xc3,0xc3,0xc3,0xc5,0xc5,0xc6,0xc6,0xc8,0xc8,0xca,0xcb,0xcd,0xce,0xd1,0xd4,0xd6,
	0xd9,0xdd,0xe0,0xe4,0xe8,0xed,0xf1,0xf7,0xfc,0xf8,0xd8,0xc1,0x00,0x00,0x00,0x00,0x00,0x00,0x00,0x00,0x00,0x00,0x00,0x00,
	0x00,0x00,0x00,0x00,0x00,0x00,0x00,0x00,0x00,0x00,0x00,0x00,0x00,0x00,0x00,0xc5,0xe6,0xfc,0xf9,0xf6,0xf0,0xeb,0xe7,0xe3,
	0xdd,0xda,0xd7,0xd5,0xd2,0xcf,0xce,0xcc,0xca,0xc9,0xc8,0xc7,0xc6,0xc5,0xc5,0xc3,0xc3,0xc3,0xc3,0xc2,0xc2,0xc2,0xc2,0xc2,
	0xc1,0xc1,0xc1,0xc1,0x00,0x00,0x00,0x00,0x00,0x00,0x00,0x00,0x00,0x00,0x00,0x00,0x00,0x00,0x00,0x00,0x00,0x00,0x00,0x00,
	0x00,0x00,0x00,0x00,0x00,0x00,0x00,0xc1,0xc1,0xc1,0xc1,0xc2,0xc2,0xc2,0xc2,0xc2,0xc3,0xc3,0xc3,0xc3,0xc5,0xc5,0xc6,0xc7,
	0xc8,0xc9,0xca,0xcc,0xce,0xcf,0xd2,0xd5,0xd7,0xda,0xdd,0xe3,0xe7,0xeb,0xf0,0xf6,0xf9,0xfc,0xe6,0xc5,0x00,0x00,0x00,0x00,
	0x00,0x00,0x00,0x00,0x00,0x00,0x00,0x00,0x00,0x00,0x00,0x00,0x00,0x00,0x00,0x00,0x00,0x00,0x00,0x00,0x00,0x00,0x00,0xce,
	0xf1,0xfc,0xf8,0xf3,0xee,0xe9,0xe4,0xe1,0xdc,0xd9,0xd6,0xd4,0xd1,0xce,0xcd,0xcb,0xca,0xc8,0xc8,0xc6,0xc6,0xc5,0xc3,0xc3,
	0xc3,0xc3,0xc2,0xc2,0xc2,0xc2,0xc2,0xc1,0xc1,0xc1,0xc1,0xc1,0x00,0x00,0x00,0x00,0x00,0x00,0x00,0x00,0x00,0x00,0x00,0x00,
	0x00,0x00,0x00,0x00,0x00,0x00,0x00,0x00,0x00,0x00,0x00,0x00,0x00,0x00,0x00,0xc1,0xc1,0xc1,0xc1,0xc1,0xc2,0xc2,0xc2,0xc2,
	0xc2,0xc3,0xc3,0xc3,0xc3,0xc5,0xc6,0xc6,0xc8,0xc8,0xca,0xcb,0xcd,0xce,0xd1,0xd4,0xd6,0xd9,0xdc,0xe1,0xe4,0xe9,0xee,0xf3,
	0xf8,0xfc,0xf1,0xce,0x00,0x00,0x00,0x00,0x00,0x00,0x00,0x00,0x00,0x00,0x00,0x00,0x00,0x00,0x00,0x00,0x00,0x00,0x00,0x00,
	0x00,0x00,0x00,0x00,0x00,0x00,0xc2,0xd9,0xf7,0xfc,0xf6,0xf2,0xec,0xe7,0xe3,0xe0,0xdc,0xd8,0xd5,0xd3,0xd0,0xce,0xcc,0xca,
	0xc9,0xc8,0xc7,0xc6,0xc5,0xc5,0xc3,0xc3,0xc3,0xc3,0xc2,0xc2,0xc2,0xc2,0xc1,0xc1,0xc1,0xc1,0xc1,0x00,0x00,0x00,0x00,0x00,
	0x00,0x00,0x00,0x00,0x00,0x00,0x00,0x00,0x00,0x00,0x00,0x00,0x00,0x00,0x00,0x00,0x00,0x00,0x00,0x00,0x00,0x00,0x00,0x00,
	0xc1,0xc1,0xc1,0xc1,0xc1,0xc2,0xc2,0xc2,0xc2,0xc3,0xc3,0xc3,0xc3,0xc5,0xc5,0xc6,0xc7,0xc8,0xc9,0xca,0xcc,0xce,0xd0,0xd3,
	0xd5,0xd8,0xdc,0xe0,0xe3,0xe7,0xec,0xf2,0xf6,0xfc,0xf7,0xd9,0xc2,0x00,0x00,0x00,0x00,0x00,0x00,0x00,0x00,0x00,0x00,0x00,
	0x00,0x00,0x00,0x00,0x00,0x00,0x00,0x00,0x00,0x00,0x00,0x00,0x00,0x00,0xc5,0xe5,0xfb,0xfb,0xf5,0xf0,0xeb,0xe6,0xe2,0xde,
	0xdb,0xd7,0xd4,0xd2,0xcf,0xcd,0xcb,0xca,0xc8,0xc8,0xc6,0xc6,0xc5,0xc4,0xc3,0xc3,0xc3,0xc2,0xc2,0xc2,0xc2,0xc1,0xc1,0xc1,
	0xc1,0xc1,0x00,0x00,0x00,0x00,0x00,0x00,0x00,0x00,0x00,0x00,0x00,0x00,0x00,0x00,0x00,0x00,0x00,0x00,0x00,0x00,0x00,0x00,
	0x00,0x00,0x00,0x00,0x00,0x00,0x00,0x00,0x00,0xc1,0xc1,0xc1,0xc1,0xc1,0xc2,0xc2,0xc2,0xc2,0xc3,0xc3,0xc3,0xc4,0xc5,0xc6,
	0xc6,0xc8,0xc8,0xca,0xcb,0xcd,0xcf,0xd2,0xd4,0xd7,0xdb,0xde,0xe2,0xe6,0xeb,0xf0,0xf5,0xfb,0xfb,0xe5,0xc5,0x00,0x00,0x00,
	0x00,0x00,0x00,0x00,0x00,0x00,0x00,0x00,0x00,0x00,0x00,0x00,0x00,0x00,0x00,0x00,0x00,0x00,0x00,0x00,0x00,0x00,0xcb,0xed,
	0xfd,0xf9,0xf3,0xee,0xe9,0xe4,0xe0,0xdc,0xd9,0xd6,0xd3,0xd0,0xcf,0xcd,0xca,0xc8,0xc8,0xc6,0xc6,0xc5,0xc4,0xc3,0xc3,0xc3,
	0xc2,0xc2,0xc2,0xc2,0xc1,0xc1,0xc1,0xc1,0x00,0x00,0x00,0x00,0x00,0x00,0x00,0x00,0x00,0x00,0x00,0x00,0x00,0x00,0x00,0x00,
	0x00,0x00,0x00,0x00,0x00,0x00,0x00,0x00,0x00,0x00,0x00,0x00,0x00,0x00,0x00,0x00,0x00,0x00,0x00,0xc1,0xc1,0xc1,0xc1,0xc2,
	0xc2,0xc2,0xc2,0xc3,0xc3,0xc3,0xc4,0xc5,0xc6,0xc6,0xc8,0xc8,0xca,0xcd,0xcf,0xd0,0xd3,0xd6,0xd9,0xdc,0xe0,0xe4,0xe9,0xee,
	0xf3,0xf9,0xfd,0xed,0xcb,0x00,0x00,0x00,0x00,0x00,0x00,0x00,0x00,0x00,0x00,0x00,0x00,0x00,0x00,0x00,0x00,0x00,0x00,0x00,
	0x00,0x00,0x00,0x00,0x00,0x00,0xd2,0xf4,0xfc,0xf7,0xf1,0xed,0xe7,0xe3,0xdf,0xdb,0xd8,0xd5,0xd2,0xcf,0xcd,0xcc,0xca,0xc8,
	0xc8,0xc6,0xc5,0xc5,0xc4,0xc3,0xc3,0xc2,0xc2,0xc2,0xc2,0xc2,0xc1,0xc1,0xc1,0x00,0x00,0x00,0x00,0x00,0x00,0x00,0x00,0x00,
	0x00,0x00,0x00,0x00,0x00,0x00,0x00,0x00,0x00,0x00,0x00,0x00,0x00,0x00,0x00,0x00,0x00,0x00,0x00,0x00,0x00,0x00,0x00,0x00,
	0x00,0x00,0x00,0x00,0xc1,0xc1,0xc1,0xc2,0xc2,0xc2,0xc2,0xc2,0xc3,0xc3,0xc4,0xc5,0xc5,0xc6,0xc8,0xc8,0xca,0xcc,0xcd,0xcf,
	0xd2,0xd5,0xd8,0xdb,0xdf,0xe3,0xe7,0xed,0xf1,0xf7,0xfc,0xf4,0xd2,0x00,0x00,0x00,0x00,0x00,0x00,0x00,0x00,0x00,0x00,0x00,
	0x00,0x00,0x00,0x00,0x00,0x00,0x00,0x00,0x00,0x00,0x00,0x00,0x00,0x00,0xda,0xf8,0xfb,0xf6,0xf0,0xeb,0xe6,0xe2,0xde,0xda,
	0xd7,0xd4,0xd1,0xcf,0xcd,0xcc,0xc9,0xc8,0xc7,0xc6,0xc5,0xc4,0xc3,0xc3,0xc3,0xc2,0xc2,0xc2,0xc2,0xc1,0xc1,0xc1,0xc1,0x00,
	0x00,0x00,0x00,0x00,0x00,0x00,0x00,0x00,0x00,0x00,0x00,0x00,0x00,0x00,0x00,0x00,0x00,0x00,0x00,0x00,0x00,0x00,0x00,0x00,
	0x00,0x00,0x00,0x00,0x00,0x00,0x00,0x00,0x00,0x00,0x00,0x00,0xc1,0xc1,0xc1,0xc1,0xc2,0xc2,0xc2,0xc2,0xc3,0xc3,0xc3,0xc4,
	0xc5,0xc6,0xc7,0xc8,0xc9,0xcc,0xcd,0xcf,0xd1,0xd4,0xd7,0xda,0xde,0xe2,0xe6,0xeb,0xf0,0xf6,0xfb,0xf8,0xda,0x00,0x00,0x00,
	0x00,0x00,0x00,0x00,0x00,0x00,0x00,0x00,0x00,0x00,0x00,0x00,0x00,0x00,0x00,0x00,0x00,0x00,0x00,0x00,0x00,0xc3,0xe3,0xfb,
	0xfa,0xf5,0xef,0xea,0xe5,0xe1,0xdd,0xda,0xd7,0xd3,0xd1,0xcf,0xcd,0xca,0xc9,0xc8,0xc6,0xc6,0xc5,0xc4,0xc3,0xc3,0xc3,0xc2,
	0xc2,0xc2,0xc2,0xc1,0xc1,0xc1,0x00,0x00,0x00,0x00,0x00,0x00,0x00,0x00,0x00,0x00,0x00,0x00,0x00,0x00,0x00,0x00,0x00,0x00,
	0x00,0x00,0x00,0x00,0x00,0x00,0x00,0x00,0x00,0x00,0x00,0x00,0x00,0x00,0x00,0x00,0x00,0x00,0x00,0x00,0x00,0xc1,0xc1,0xc1,
	0xc2,0xc2,0xc2,0xc2,0xc3,0xc3,0xc3,0xc4,0xc5,0xc6,0xc6,0xc8,0xc9,0xca,0xcd,0xcf,0xd1,0xd3,0xd7,0xda,0xdd,0xe1,0xe5,0xea,
	0xef,0xf5,0xfa,0xfb,0xe3,0xc3,0x00,0x00,0x00,0x00,0x00,0x00,0x00,0x00,0x00,0x00,0x00,0x00,0x00,0x00,0x00,0x00,0x00,0x00,
	0x00,0x00,0x00,0x00,0x00,0xc7,0xea,0xfc,0xf9,0xf4,0xee,0xe9,0xe4,0xe0,0xdd,0xd8,0xd6,0xd2,0xd0,0xce,0xcc,0xca,0xc8,0xc8,
	0xc6,0xc5,0xc5,0xc4,0xc3,0xc3,0xc3,0xc2,0xc2,0xc2,0xc1,0xc1,0xc1,0xc1,0x00,0x00,0x00,0x00,0x00,0x00,0x00,0x00,0x00,0x00,
	0x00,0x00,0x00,0x00,0x00,0x00,0x00,0x00,0x00,0x00,0x00,0x00,0x00,0x00,0x00,0x00,0x00,0x00,0x00,0x00,0x00,0x00,0x00,0x00,
	0x00,0x00,0x00,0x00,0x00,0xc1,0xc1,0xc1,0xc1,0xc2,0xc2,0xc2,0xc3,0xc3,0xc3,0xc4,0xc5,0xc5,0xc6,0xc8,0xc8,0xca,0xcc,0xce,
	0xd0,0xd2,0xd6,0xd8,0xdd,0xe0,0xe4,0xe9,0xee,0xf4,0xf9,0xfc,0xea,0xc7,0x00,0x00,0x00,0x00,0x00,0x00,0x00,0x00,0x00,0x00,
	0x00,0x00,0x00,0x00,0x00,0x00,0x00,0x00,0x00,0x00,0x00,0x00,0x00,0xcb,0xef,0xfd,0xf9,0xf3,0xee,0xe9,0xe3,0xdf,0xdb,0xd8,
	0xd5,0xd2,0xcf,0xcd,0xcc,0xca,0xc8,0xc7,0xc6,0xc5,0xc5,0xc3,0xc3,0xc3,0xc3,0xc2,0xc2,0xc2,0xc1,0xc1,0xc1,0x00,0x00,0x00,
	0x00,0x00,0x00,0x00,0x00,0x00,0x00,0x00,0x00,0x00,0x00,0x00,0x00,0x00,0x00,0x00,0x00,0x00,0x00,0x00,0x00,0x00,0x00,0x00,
	0x00,0x00,0x00,0x00,0x00,0x00,0x00,0x00,0x00,0x00,0x00,0x00,0x00,0x00,0xc1,0xc1,0xc1,0xc2,0xc2,0xc2,0xc3,0xc3,0xc3,0xc3,
	0xc5,0xc5,0xc6,0xc7,0xc8,0xca,0xcc,0xcd,0xcf,0xd2,0xd5,0xd8,0xdb,0xdf,0xe3,0xe9,0xee,0xf3,0xf9,0xfd,0xef,0xcb,0x00,0x00,
	0x00,0x00,0x00,0x00,0x00,0x00,0x00,0x00,0x00,0x00,0x00,0x00,0x00,0x00,0x00,0x00,0x00,0x00,0x00,0x00,0x00,0xd0,0xf2,0xfc,
	0xf8,0xf2,0xec,0xe8,0xe3,0xdf,0xdb,0xd8,0xd5,0xd1,0xcf,0xcd,0xcc,0xc9,0xc8,0xc7,0xc6,0xc5,0xc4,0xc3,0xc3,0xc3,0xc3,0xc2,
	0xc2,0xc2,0xc1,0xc1,0xc1,0x00,0x00,0x00,0x00,0x00,0x00,0x00,0x00,0x00,0x00,0x00,0x00,0x00,0x00,0x00,0x00,0x00,0x00,0x00,
	0x00,0x00,0x00,0x00,0x00,0x00,0x00,0x00,0x00,0x00,0x00,0x00,0x00,0x00,0x00,0x00,0x00,0x00,0x00,0x00,0x00,0x00,0xc1,0xc1,
	0xc1,0xc2,0xc2,0xc2,0xc3,0xc3,0xc3,0xc3,0xc4,0xc5,0xc6,0xc7,0xc8,0xc9,0xcc,0xcd,0xcf,0xd1,0xd5,0xd8,0xdb,0xdf,0xe3,0xe8,
	0xec,0xf2,0xf8,0xfc,0xf2,0xd0,0x00,0x00,0x00,0x00,0x00,0x00,0x00,0x00,0x00,0x00,0x00,0x00,0x00,0x00,0x00,0x00,0x00,0x00,
	0x00,0x00,0x00,0x00,0x00,0xd4,0xf6,0xfd,0xf7,0xf2,0xec,0xe7,0xe2,0xde,0xda,0xd7,0xd4,0xd2,0xcf,0xcd,0xcb,0xc9,0xc8,0xc7,
	0xc6,0xc5,0xc4,0xc3,0xc3,0xc3,0xc2,0xc2,0xc2,0xc1,0xc1,0xc1,0xc1,0x00,0x00,0x00,0x00,0x00,0x00,0x00,0x00,0x00,0x00,0x00,
	0x00,0x00,0x00,0x00,0x00,0x00,0x00,0x00,0x00,0x00,0x00,0x00,0x00,0x00,0x00,0x00,0x00,0x00,0x00,0x00,0x00,0x00,0x00,0x00,
	0x00,0x00,0x00,0x00,0x00,0x00,0xc1,0xc1,0xc1,0xc1,0xc2,0xc2,0xc2,0xc3,0xc3,0xc3,0xc4,0xc5,0xc6,0xc7,0xc8,0xc9,0xcb,0xcd,
	0xcf,0xd2,0xd4,0xd7,0xda,0xde,0xe2,0xe7,0xec,0xf2,0xf7,0xfd,0xf6,0xd4,0x00,0x00,0x00,0x00,0x00,0x00,0x00,0x00,0x00,0x00,
	0x00,0x00,0x00,0x00,0x00,0x00,0x00,0x00,0x00,0x00,0x00,0x00,0xc1,0xd9,0xf7,0xfc,0xf6,0xf1,0xeb,0xe7,0xe2,0xdd,0xda,0xd7,
	0xd4,0xd1,0xcf,0xcd,0xcb,0xc8,0xc8,0xc6,0xc6,0xc5,0xc4,0xc3,0xc3,0xc3,0xc2,0xc2,0xc2,0xc1,0xc1,0xc1,0x00,0x00,0x00,0x00,
	0x00,0x00,0x00,0x00,0x00,0x00,0x00,0x00,0x00,0x00,0x00,0x00,0x00,0x00,0x00,0x00,0x00,0x00,0x00,0x00,0x00,0x00,0x00,0x00,
	0x00,0x00,0x00,0x00,0x00,0x00,0x00,0x00,0x00,0x00,0x00,0x00,0x00,0x00,0x00,0xc1,0xc1,0xc1,0xc2,0xc2,0xc2,0xc3,0xc3,0xc3,
	0xc4,0xc5,0xc6,0xc6,0xc8,0xc8,0xcb,0xcd,0xcf,0xd1,0xd4,0xd7,0xda,0xdd,0xe2,0xe7,0xeb,0xf1,0xf6,0xfc,0xf7,0xd9,0xc1,0x00,
	0x00,0x00,0x00,0x00,0x00,0x00,0x00,0x00,0x00,0x00,0x00,0x00,0x00,0x00,0x00,0x00,0x00,0x00,0x00,0x00,0xc1,0xdc,0xf9,0xfc,
	0xf6,0xf0,0xeb,0xe6,0xe1,0xdd,0xda,0xd7,0xd4,0xd1,0xcf,0xcd,0xcb,0xc8,0xc8,0xc6,0xc5,0xc5,0xc4,0xc3,0xc3,0xc3,0xc2,0xc2,
	0xc2,0xc1,0xc1,0xc1,0x00,0x00,0x00,0x00,0x00,0x00,0x00,0x00,0x00,0x00,0x00,0x00,0x00,0x00,0x00,0x00,0x00,0x00,0x00,0x00,
	0x00,0x00,0x00,0x00,0x00,0x00,0x00,0x00,0x00,0x00,0x00,0x00,0x00,0x00,0x00,0x00,0x00,0x00,0x00,0x00,0x00,0x00,0x00,0xc1,
	0xc1,0xc1,0xc2,0xc2,0xc2,0xc3,0xc3,0xc3,0xc4,0xc5,0xc5,0xc6,0xc8,0xc8,0xcb,0xcd,0xcf,0xd1,0xd4,0xd7,0xda,0xdd,0xe1,0xe6,
	0xeb,0xf0,0xf6,0xfc,0xf9,0xdc,0xc1,0x00,0x00,0x00,0x00,0x00,0x00,0x00,0x00,0x00,0x00,0x00,0x00,0x00,0x00,0x00,0x00,0x00,
	0x00,0x00,0x00,0x00,0xc2,0xdf,0xfa,0xfb,0xf5,0xf0,0xeb,0xe6,0xe1,0xdd,0xd9,0xd6,0xd3,0xd0,0xcf,0xcc,0xca,0xc8,0xc8,0xc6,
	0xc5,0xc5,0xc4,0xc3,0xc3,0xc3,0xc2,0xc2,0xc2,0xc1,0xc1,0xc1,0x00,0x00,0x00,0x00,0x00,0x00,0x00,0x00,0x00,0x00,0x00,0x00,
	0x00,0x00,0x00,0x00,0x00,0x00,0x00,0x00,0x00,0x00,0x00,0x00,0x00,0x00,0x00,0x00,0x00,0x00,0x00,0x00,0x00,0x00,0x00,0x00,
	0x00,0x00,0x00,0x00,0x00,0x00,0x00,0xc1,0xc1,0xc1,0xc2,0xc2,0xc2,0xc3,0xc3,0xc3,0xc4,0xc5,0xc5,0xc6,0xc8,0xc8,0xca,0xcc,
	0xcf,0xd0,0xd3,0xd6,0xd9,0xdd,0xe1,0xe6,0xeb,0xf0,0xf5,0xfb,0xfa,0xdf,0xc2,0x00,0x00,0x00,0x00,0x00,0x00,0x00,0x00,0x00,
	0x00,0x00,0x00,0x00,0x00,0x00,0x00,0x00,0x00,0x00,0x00,0x00,0xc3,0xdf,0xfa,0xfb,0xf5,0xf0,0xea,0xe6,0xe1,0xdd,0xd9,0xd6,
	0xd3,0xd0,0xce,0xcc,0xca,0xc8,0xc8,0xc6,0xc5,0xc5,0xc3,0xc3,0xc3,0xc3,0xc2,0xc2,0xc2,0xc1,0xc1,0xc1,0x00,0x00,0x00,0x00,
	0x00,0x00,0x00,0x00,0x00,0x00,0x00,0x00,0x00,0x00,0x00,0x00,0x00,0x00,0x00,0x00,0x00,0x00,0x00,0x00,0x00,0x00,0x00,0x00,
	0x00,0x00,0x00,0x00,0x00,0x00,0x00,0x00,0x00,0x00,0x00,0x00,0x00,0x00,0x00,0xc1,0xc1,0xc1,0xc2,0xc2,0xc2,0xc3,0xc3,0xc3,
	0xc3,0xc5,0xc5,0xc6,0xc8,0xc8,0xca,0xcc,0xce,0xd0,0xd3,0xd6,0xd9,0xdd,0xe1,0xe6,0xea,0xf0,0xf5,0xfb,0xfa,0xdf,0xc3,0x00,
	0x00,0x00,0x00,0x00,0x00,0x00,0x00,0x00,0x00,0x00,0x00,0x00,0x00,0x00,0x00,0x00,0x00,0x00,0x00,0x00,0xc3,0xe1,0xfc,0xfb,
	0xf5,0xef,0xea,0xe6,0xe1,0xdd,0xd9,0xd6,0xd3,0xd0,0xce,0xcc,0xca,0xc8,0xc7,0xc6,0xc5,0xc5,0xc3,0xc3,0xc3,0xc3,0xc2,0xc2,
	0xc1,0xc1,0xc1,0xc1,0x00,0x00,0x00,0x00,0x00,0x00,0x00,0x00,0x00,0x00,0x00,0x00,0x00,0x00,0x00,0x00,0x00,0x00,0x00,0x00,
	0x00,0x00,0x00,0x00,0x00,0x00,0x00,0x00,0x00,0x00,0x00,0x00,0x00,0x00,0x00,0x00,0x00,0x00,0x00,0x00,0x00,0x00,0x00,0xc1,
	0xc1,0xc1,0xc1,0xc2,0xc2,0xc3,0xc3,0xc3,0xc3,0xc5,0xc5,0xc6,0xc7,0xc8,0xca,0xcc,0xce,0xd0,0xd3,0xd6,0xd9,0xdd,0xe1,0xe6,
	0xea,0xef,0xf5,0xfb,0xfc,0xe1,0xc3,0x00,0x00,0x00,0x00,0x00,0x00,0x00,0x00,0x00,0x00,0x00,0x00,0x00,0x00,0x00,0x00,0x00,
	0x00,0x00,0x00,0x00,0xc4,0xe1,0xfc,0xfb,0xf5,0xef,0xea,0xe5,0xe1,0xdd,0xd8,0xd6,0xd2,0xd0,0xce,0xcc,0xca,0xc8,0xc7,0xc6,
	0xc5,0xc5,0xc3,0xc3,0xc3,0xc3,0xc2,0xc2,0xc1,0xc1,0xc1,0xc1,0x00,0x00,0x00,0x00,0x00,0x00,0x00,0x00,0x00,0x00,0x00,0x00,
	0x00,0x00,0x00,0x00,0x00,0x00,0x00,0x00,0x00,0x00,0x00,0x00,0x00,0x00,0x00,0x00,0x00,0x00,0x00,0x00,0x00,0x00,0x00,0x00,
	0x00,0x00,0x00,0x00,0x00,0x00,0x00,0xc1,0xc1,0xc1,0xc1,0xc2,0xc2,0xc3,0xc3,0xc3,0xc3,0xc5,0xc5,0xc6,0xc7,0xc8,0xca,0xcc,
	0xce,0xd0,0xd2,0xd6,0xd8,0xdd,0xe1,0xe5,0xea,0xef,0xf5,0xfb,0xfc,0xe1,0xc4,0x00,0x00,0x00,0x00,0x00,0x00,0x00,0x00,0x00,
	0x00,0x00,0x00,0x00,0x00,0x00,0x00,0x00,0x00,0x00,0x00,0x00,0xc3,0xe1,0xfc,0xfb,0xf5,0xef,0xea,0xe6,0xe1,0xdd,0xd9,0xd6,
	0xd3,0xd0,0xce,0xcc,0xca,0xc8,0xc7,0xc6,0xc5,0xc5,0xc3,0xc3,0xc3,0xc3,0xc2,0xc2,0xc1,0xc1,0xc1,0xc1,0x00,0x00,0x00,0x00,
	0x00,0x00,0x00,0x00,0x00,0x00,0x00,0x00,0x00,0x00,0x00,0x00,0x00,0x00,0x00,0x00,0x00,0x00,0x00,0x00,0x00,0x00,0x00,0x00,
	0x00,0x00,0x00,0x00,0x00,0x00,0x00,0x00,0x00,0x00,0x00,0x00,0x00,0x00,0x00,0xc1,0xc1,0xc1,0xc1,0xc2,0xc2,0xc3,0xc3,0xc3,
	0xc3,0xc5,0xc5,0xc6,0xc7,0xc8,0xca,0xcc,0xce,0xd0,0xd3,0xd6,0xd9,0xdd,0xe1,0xe6,0xea,0xef,0xf5,0xfb,0xfc,0xe1,0xc3,0x00,
	0x00,0x00,0x00,0x00,0x00,0x00,0x00,0x00,0x00,0x00,0x00,0x00,0x00,0x00,0x00,0x00,0x00,0x00,0x00,0x00,0xc3,0xdf,0xfa,0xfb,
	0xf5,0xf0,0xea,0xe6,0xe1,0xdd,0xd9,0xd6,0xd3,0xd0,0xce,0xcc,0xca,0xc8,0xc8,0xc6,0xc5,0xc5,0xc3,0xc3,0xc3,0xc3,0xc2,0xc2,
	0xc2,0xc1,0xc1,0xc1,0x00,0x00,0x00,0x00,0x00,0x00,0x00,0x00,0x00,0x00,0x00,0x00,0x00,0x00,0x00,0x00,0x00,0x00,0x00,0x00,
	0x00,0x00,0x00,0x00,0x00,0x00,0x00,0x00,0x00,0x00,0x00,0x00,0x00,0x00,0x00,0x00,0x00,0x00,0x00,0x00,0x00,0x00,0x00,0xc1,
	0xc1,0xc1,0xc2,0xc2,0xc2,0xc3,0xc3,0xc3,0xc3,0xc5,0xc5,0xc6,0xc8,0xc8,0xca,0xcc,0xce,0xd0,0xd3,0xd6,0xd9,0xdd,0xe1,0xe6,
	0xea,0xf0,0xf5,0xfb,0xfa,0xdf,0xc3,0x00,0x00,0x00,0x00,0x00,0x00,0x00,0x00,0x00,0x00,0x00,0x00,0x00,0x00,0x00,0x00,0x00,
	0x00,0x00,0x00,0x00,0xc2,0xdf,0xfa,0xfb,0xf5,0xf0,0xeb,0xe6,0xe1,0xdd,0xd9,0xd6,0xd3,0xd0,0xcf,0xcc,0xca,0xc8,0xc8,0xc6,
	0xc5,0xc5,0xc4,0xc3,0xc3,0xc3,0xc2,0xc2,0xc2,0xc1,0xc1,0xc1,0x00,0x00,0x00,0x00,0x00,0x00,0x00,0x00,0x00,0x00,0x00,0x00,
	0x00,0x00,0x00,0x00,0x00,0x00,0x00,0x00,0x00,0x00,0x00,0x00,0x00,0x00,0x00,0x00,0x00,0x00,0x00,0x00,0x00,0x00,0x00,0x00,
	0x00,0x00,0x00,0x00,0x00,0x00,0x00,0xc1,0xc1,0xc1,0xc2,0xc2,0xc2,0xc3,0xc3,0xc3,0xc4,0xc5,0xc5,0xc6,0xc8,0xc8,0xca,0xcc,
	0xcf,0xd0,0xd3,0xd6,0xd9,0xdd,0xe1,0xe6,0xeb,0xf0,0xf5,0xfb,0xfa,0xdf,0xc2,0x00,0x00,0x00,0x00,0x00,0x00,0x00,0x00,0x00,
	0x00,0x00,0x00,0x00,0x00,0x00,0x00,0x00,0x00,0x00,0x00,0x00,0xc1,0xdc,0xf9,0xfc,0xf6,0xf0,0xeb,0xe6,0xe1,0xdd,0xda,0xd7,
	0xd4,0xd1,0xcf,0xcd,0xcb,0xc8,0xc8,0xc6,0xc5,0xc5,0xc4,0xc3,0xc3,0xc3,0xc2,0xc2,0xc2,0xc1,0xc1,0xc1,0x00,0x00,0x00,0x00,
	0x00,0x00,0x00,0x00,0x00,0x00,0x00,0x00,0x00,0x00,0x00,0x00,0x00,0x00,0x00,0x00,0x00,0x00,0x00,0x00,0x00,0x00,0x00,0x00,
	0x00,0x00,0x00,0x00,0x00,0x00,0x00,0x00,0x00,0x00,0x00,0x00,0x00,0x00,0x00,0xc1,0xc1,0xc1,0xc2,0xc2,0xc2,0xc3,0xc3,0xc3,
	0xc4,0xc5,0xc5,0xc6,0xc8,0xc8,0xcb,0xcd,0xcf,0xd1,0xd4,0xd7,0xda,0xdd,0xe1,0xe6,0xeb,0xf0,0xf6,0xfc,0xf9,0xdc,0xc1,0x00,
	0x00,0x00,0x00,0x00,0x00,0x00,0x00,0x00,0x00,0x00,0x00,0x00,0x00,0x00,0x00,0x00,0x00,0x00,0x00,0x00,0xc1,0xd9,0xf7,0xfc,
	0xf6,0xf1,0xeb,0xe7,0xe2,0xdd,0xda,0xd7,0xd4,0xd1,0xcf,0xcd,0xcb,0xc8,0xc8,0xc6,0xc6,0xc5,0xc4,0xc3,0xc3,0xc3,0xc2,0xc2,
	0xc2,0xc1,0xc1,0xc1,0x00,0x00,0x00,0x00,0x00,0x00,0x00,0x00,0x00,0x00,0x00,0x00,0x00,0x00,0x00,0x00,0x00,0x00,0x00,0x00,
	0x00,0x00,0x00,0x00,0x00,0x00,0x00,0x00,0x00,0x00,0x00,0x00,0x00,0x00,0x00,0x00,0x00,0x00,0x00,0x00,0x00,0x00,0x00,0xc1,
	0xc1,0xc1,0xc2,0xc2,0xc2,0xc3,0xc3,0xc3,0xc4,0xc5,0xc6,0xc6,0xc8,0xc8,0xcb,0xcd,0xcf,0xd1,0xd4,0xd7,0xda,0xdd,0xe2,0xe7,
	0xeb,0xf1,0xf6,0xfc,0xf7,0xd9,0xc1,0x00,0x00,0x00,0x00,0x00,0x00,0x00,0x00,0x00,0x00,0x00,0x00,0x00,0x00,0x00,0x00,0x00,
	0x00,0x00,0x00,0x00,0x00,0xd4,0xf6,0xfd,0xf7,0xf2,0xec,0xe7,0xe2,0xde,0xda,0xd7,0xd4,0xd2,0xcf,0xcd,0xcb,0xc9,0xc8,0xc7,
	0xc6,0xc5,0xc4,0xc3,0xc3,0xc3,0xc2,0xc2,0xc2,0xc1,0xc1,0xc1,0xc1,0x00,0x00,0x00,0x00,0x00,0x00,0x00,0x00,0x00,0x00,0x00,
	0x00,0x00,0x00,0x00,0x00,0x00,0x00,0x00,0x00,0x00,0x00,0x00,0x00,0x00,0x00,0x00,0x00,0x00,0x00,0x00,0x00,0x00,0x00,0x00,
	0x00,0x00,0x00,0x00,0x00,0x00,0xc1,0xc1,0xc1,0xc1,0xc2,0xc2,0xc2,0xc3,0xc3,0xc3,0xc4,0xc5,0xc6,0xc7,0xc8,0xc9,0xcb,0xcd,
	0xcf,0xd2,0xd4,0xd7,0xda,0xde,0xe2,0xe7,0xec,0xf2,0xf7,0xfd,0xf6,0xd4,0x00,0x00,0x00,0x00,0x00,0x00,0x00,0x00,0x00,0x00,
	0x00,0x00,0x00,0x00,0x00,0x00,0x00,0x00,0x00,0x00,0x00,0x00,0x00,0xd0,0xf2,0xfc,0xf8,0xf2,0xec,0xe8,0xe3,0xdf,0xdb,0xd8,
	0xd5,0xd1,0xcf,0xcd,0xcc,0xc9,0xc8,0xc7,0xc6,0xc5,0xc4,0xc3,0xc3,0xc3,0xc3,0xc2,0xc2,0xc2,0xc1,0xc1,0xc1,0x00,0x00,0x00,
	0x00,0x00,0x00,0x00,0x00,0x00,0x00,0x00,0x00,0x00,0x00,0x00,0x00,0x00,0x00,0x00,0x00,0x00,0x00,0x00,0x00,0x00,0x00,0x00,
	0x00,0x00,0x00,0x00,0x00,0x00,0x00,0x00,0x00,0x00,0x00,0x00,0x00,0x00,0xc1,0xc1,0xc1,0xc2,0xc2,0xc2,0xc3,0xc3,0xc3,0xc3,
	0xc4,0xc5,0xc6,0xc7,0xc8,0xc9,0xcc,0xcd,0xcf,0xd1,0xd5,0xd8,0xdb,0xdf,0xe3,0xe8,0xec,0xf2,0xf8,0xfc,0xf2,0xd0,0x00,0x00,
	0x00,0x00,0x00,0x00,0x00,0x00,0x00,0x00,0x00,0x00,0x00,0x00,0x00,0x00,0x00,0x00,0x00,0x00,0x00,0x00,0x00,0xcb,0xef,0xfd,
	0xf9,0xf3,0xee,0xe9,0xe3,0xdf,0xdb,0xd8,0xd5,0xd2,0xcf,0xcd,0xcc,0xca,0xc8,0xc7,0xc6,0xc5,0xc5,0xc3,0xc3,0xc3,0xc3,0xc2,
	0xc2,0xc2,0xc1,0xc1,0xc1,0x00,0x00,0x00,0x00,0x00,0x00,0x00,0x00,0x00,0x00,0x00,0x00,0x00,0x00,0x00,0x00,0x00,0x00,0x00,
	0x00,0x00,0x00,0x00,0x00,0x00,0x00,0x00,0x00,0x00,0x00,0x00,0x00,0x00,0x00,0x00,0x00,0x00,0x00,0x00,0x00,0x00,0xc1,0xc1,
	0xc1,0xc2,0xc2,0xc2,0xc3,0xc3,0xc3,0xc3,0xc5,0xc5,0xc6,0xc7,0xc8,0xca,0xcc,0xcd,0xcf,0xd2,0xd5,0xd8,0xdb,0xdf,0xe3,0xe9,
	0xee,0xf3,0xf9,0xfd,0xef,0xcb,0x00,0x00,0x00,0x00,0x00,0x00,0x00,0x00,0x00,0x00,0x00,0x00,0x00,0x00,0x00,0x00,0x00,0x00,
	0x00,0x00,0x00,0x00,0x00,0xc7,0xea,0xfc,0xf9,0xf4,0xee,0xe9,0xe4,0xe0,0xdd,0xd8,0xd6,0xd2,0xd0,0xce,0xcc,0xca,0xc8,0xc8,
	0xc6,0xc5,0xc5,0xc4,0xc3,0xc3,0xc3,0xc2,0xc2,0xc2,0xc1,0xc1,0xc1,0xc1,0x00,0x00,0x00,0x00,0x00,0x00,0x00,0x00,0x00,0x00,
	0x00,0x00,0x00,0x00,0x00,0x00,0x00,0x00,0x00,0x00,0x00,0x00,0x00,0x00,0x00,0x00,0x00,0x00,0x00,0x00,0x00,0x00,0x00,0x00,
	0x00,0x00,0x00,0x00,0x00,0xc1,0xc1,0xc1,0xc1,0xc2,0xc2,0xc2,0xc3,0xc3,0xc3,0xc4,0xc5,0xc5,0xc6,0xc8,0xc8,0xca,0xcc,0xce,
	0xd0,0xd2,0xd6,0xd8,0xdd,0xe0,0xe4,0xe9,0xee,0xf4,0xf9,0xfc,0xea,0xc7,0x00,0x00,0x00,0x00,0x00,0x00,0x00,0x00,0x00,0x00,
	0x00,0x00,0x00,0x00,0x00,0x00,0x00,0x00,0x00,0x00,0x00,0x00,0x00,0xc3,0xe3,0xfb,0xfa,0xf5,0xef,0xea,0xe5,0xe1,0xdd,0xda,
	0xd7,0xd3,0xd1,0xcf,0xcd,0xca,0xc9,0xc8,0xc6,0xc6,0xc5,0xc4,0xc3,0xc3,0xc3,0xc2,0xc2,0xc2,0xc2,0xc1,0xc1,0xc1,0x00,0x00,
	0x00,0x00,0x00,0x00,0x00,0x00,0x00,0x00,0x00,0x00,0x00,0x00,0x00,0x00,0x00,0x00,0x00,0x00,0x00,0x00,0x00,0x00,0x00,0x00,
	0x00,0x00,0x00,0x00,0x00,0x00,0x00,0x00,0x00,0x00,0x00,0x00,0x00,0xc1,0xc1,0xc1,0xc2,0xc2,0xc2,0xc2,0xc3,0xc3,0xc3,0xc4,
	0xc5,0xc6,0xc6,0xc8,0xc9,0xca,0xcd,0xcf,0xd1,0xd3,0xd7,0xda,0xdd,0xe1,0xe5,0xea,0xef,0xf5,0xfa,0xfb,0xe3,0xc3,0x00,0x00,
	0x00,0x00,0x00,0x00,0x00,0x00,0x00,0x00,0x00,0x00,0x00,0x00,0x00,0x00,0x00,0x00,0x00,0x00,0x00,0x00,0x00,0x00,0xda,0xf8,
	0xfb,0xf6,0xf0,0xeb,0xe6,0xe2,0xde,0xda,0xd7,0xd4,0xd1,0xcf,0xcd,0xcc,0xc9,0xc8,0xc7,0xc6,0xc5,0xc4,0xc3,0xc3,0xc3,0xc2,
	0xc2,0xc2,0xc2,0xc1,0xc1,0xc1,0xc1,0x00,0x00,0x00,0x00,0x00,0x00,0x00,0x00,0x00,0x00,0x00,0x00,0x00,0x00,0x00,0x00,0x00,
	0x00,0x00,0x00,0x00,0x00,0x00,0x00,0x00,0x00,0x00,0x00,0x00,0x00,0x00,0x00,0x00,0x00,0x00,0x00,0x00,0xc1,0xc1,0xc1,0xc1,
	0xc2,0xc2,0xc2,0xc2,0xc3,0xc3,0xc3,0xc4,0xc5,0xc6,0xc7,0xc8,0xc9,0xcc,0xcd,0xcf,0xd1,0xd4,0xd7,0xda,0xde,0xe2,0xe6,0xeb,
	0xf0,0xf6,0xfb,0xf8,0xda,0x00,0x00,0x00,0x00,0x00,0x00,0x00,0x00,0x00,0x00,0x00,0x00,0x00,0x00,0x00,0x00,0x00,0x00,0x00,
	0x00,0x00,0x00,0x00,0x00,0x00,0xd2,0xf4,0xfc,0xf7,0xf1,0xed,0xe7,0xe3,0xdf,0xdb,0xd8,0xd5,0xd2,0xcf,0xcd,0xcc,0xca,0xc8,
	0xc8,0xc6,0xc5,0xc5,0xc4,0xc3,0xc3,0xc2,0xc2,0xc2,0xc2,0xc2,0xc1,0xc1,0xc1,0x00,0x00,0x00,0x00,0x00,0x00,0x00,0x00,0x00,
	0x00,0x00,0x00,0x00,0x00,0x00,0x00,0x00,0x00,0x00,0x00,0x00,0x00,0x00,0x00,0x00,0x00,0x00,0x00,0x00,0x00,0x00,0x00,0x00,
	0x00,0x00,0x00,0x00,0xc1,0xc1,0xc1,0xc2,0xc2,0xc2,0xc2,0xc2,0xc3,0xc3,0xc4,0xc5,0xc5,0xc6,0xc8,0xc8,0xca,0xcc,0xcd,0xcf,
	0xd2,0xd5,0xd8,0xdb,0xdf,0xe3,0xe7,0xed,0xf1,0xf7,0xfc,0xf4,0xd2,0x00,0x00,0x00,0x00,0x00,0x00,0x00,0x00,0x00,0x00,0x00,
	0x00,0x00,0x00,0x00,0x00,0x00,0x00,0x00,0x00,0x00,0x00,0x00,0x00,0x00,0xcb,0xed,0xfd,0xf9,0xf3,0xee,0xe9,0xe4,0xe0,0xdc,
	0xd9,0xd6,0xd3,0xd0,0xcf,0xcd,0xca,0xc8,0xc8,0xc6,0xc6,0xc5,0xc4,0xc3,0xc3,0xc3,0xc2,0xc2,0xc2,0xc2,0xc1,0xc1,0xc1,0xc1,
	0x00,0x00,0x00,0x00,0x00,0x00,0x00,0x00,0x00,0x00,0x00,0x00,0x00,0x00,0x00,0x00,0x00,0x00,0x00,0x00,0x00,0x00,0x00,0x00,
	0x00,0x00,0x00,0x00,0x00,0x00,0x00,0x00,0x00,0x00,0x00,0xc1,0xc1,0xc1,0xc1,0xc2,0xc2,0xc2,0xc2,0xc3,0xc3,0xc3,0xc4,0xc5,
	0xc6,0xc6,0xc8,0xc8,0xca,0xcd,0xcf,0xd0,0xd3,0xd6,0xd9,0xdc,0xe0,0xe4,0xe9,0xee,0xf3,0xf9,0xfd,0xed,0xcb,0x00,0x00,0x00,
	0x00,0x00,0x00,0x00,0x00,0x00,0x00,0x00,0x00,0x00,0x00,0x00,0x00,0x00,0x00,0x00,0x00,0x00,0x00,0x00,0x00,0x00,0xc5,0xe5,
	0xfb,0xfb,0xf5,0xf0,0xeb,0xe6,0xe2,0xde,0xdb,0xd7,0xd4,0xd2,0xcf,0xcd,0xcb,0xca,0xc8,0xc8,0xc6,0xc6,0xc5,0xc4,0xc3,0xc3,
	0xc3,0xc2,0xc2,0xc2,0xc2,0xc1,0xc1,0xc1,0xc1,0xc1,0x00,0x00,0x00,0x00,0x00,0x00,0x00,0x00,0x00,0x00,0x00,0x00,0x00,0x00,
	0x00,0x00,0x00,0x00,0x00,0x00,0x00,0x00,0x00,0x00,0x00,0x00,0x00,0x00,0x00,0x00,0x00,0xc1,0xc1,0xc1,0xc1,0xc1,0xc2,0xc2,
	0xc2,0xc2,0xc3,0xc3,0xc3,0xc4,0xc5,0xc6,0xc6,0xc8,0xc8,0xca,0xcb,0xcd,0xcf,0xd2,0xd4,0xd7,0xdb,0xde,0xe2,0xe6,0xeb,0xf0,
	0xf5,0xfb,0xfb,0xe5,0xc5,0x00,0x00,0x00,0x00,0x00,0x00,0x00,0x00,0x00,0x00,0x00,0x00,0x00,0x00,0x00,0x00,0x00,0x00,0x00,
	0x00,0x00,0x00,0x00,0x00,0x00,0xc2,0xd9,0xf7,0xfc,0xf6,0xf2,0xec,0xe7,0xe3,0xe0,0xdc,0xd8,0xd5,0xd3,0xd0,0xce,0xcc,0xca,
	0xc9,0xc8,0xc7,0xc6,0xc5,0xc5,0xc3,0xc3,0xc3,0xc3,0xc2,0xc2,0xc2,0xc2,0xc1,0xc1,0xc1,0xc1,0xc1,0x00,0x00,0x00,0x00,0x00,
	0x00,0x00,0x00,0x00,0x00,0x00,0x00,0x00,0x00,0x00,0x00,0x00,0x00,0x00,0x00,0x00,0x00,0x00,0x00,0x00,0x00,0x00,0x00,0x00,
	0xc1,0xc1,0xc1,0xc1,0xc1,0xc2,0xc2,0xc2,0xc2,0xc3,0xc3,0xc3,0xc3,0xc5,0xc5,0xc6,0xc7,0xc8,0xc9,0xca,0xcc,0xce,0xd0,0xd3,
	0xd5,0xd8,0xdc,0xe0,0xe3,0xe7,0xec,0xf2,0xf6,0xfc,0xf7,0xd9,0xc2,0x00,0x00,0x00,0x00,0x00,0x00,0x00,0x00,0x00,0x00,0x00,
	0x00,0x00,0x00,0x00,0x00,0x00,0x00,0x00,0x00,0x00,0x00,0x00,0x00,0x00,0x00,0xce,0xf1,0xfc,0xf8,0xf3,0xee,0xe9,0xe4,0xe1,
	0xdc,0xd9,0xd6,0xd4,0xd1,0xce,0xcd,0xcb,0xca,0xc8,0xc8,0xc6,0xc6,0xc5,0xc3,0xc3,0xc3,0xc3,0xc2,0xc2,0xc2,0xc2,0xc2,0xc1,
	0xc1,0xc1,0xc1,0xc1,0x00,0x00,0x00,0x00,0x00,0x00,0x00,0x00,0x00,0x00,0x00,0x00,0x00,0x00,0x00,0x00,0x00,0x00,0x00,0x00,
	0x00,0x00,0x00,0x00,0x00,0x00,0x00,0xc1,0xc1,0xc1,0xc1,0xc1,0xc2,0xc2,0xc2,0xc2,0xc2,0xc3,0xc3,0xc3,0xc3,0xc5,0xc6,0xc6,
	0xc8,0xc8,0xca,0xcb,0xcd,0xce,0xd1,0xd4,0xd6,0xd9,0xdc,0xe1,0xe4,0xe9,0xee,0xf3,0xf8,0xfc,0xf1,0xce,0x00,0x00,0x00,0x00,
	0x00,0x00,0x00,0x00,0x00,0x00,0x00,0x00,0x00,0x00,0x00,0x00,0x00,0x00,0x00,0x00,0x00,0x00,0x00,0x00,0x00,0x00,0x00,0xc5,
	0xe6,0xfc,0xf9,0xf6,0xf0,0xeb,0xe7,0xe3,0xdd,0xda,0xd7,0xd5,0xd2,0xcf,0xce,0xcc,0xca,0xc9,0xc8,0xc7,0xc6,0xc5,0xc5,0xc3,
	0xc3,0xc3,0xc3,0xc2,0xc2,0xc2,0xc2,0xc2,0xc1,0xc1,0xc1,0xc1,0x00,0x00,0x00,0x00,0x00,0x00,0x00,0x00,0x00,0x00,0x00,0x00,
	0x00,0x00,0x00,0x00,0x00,0x00,0x00,0x00,0x00,0x00,0x00,0x00,0x00,0x00,0x00,0xc1,0xc1,0xc1,0xc1,0xc2,0xc2,0xc2,0xc2,0xc2,
	0xc3,0xc3,0xc3,0xc3,0xc5,0xc5,0xc6,0xc7,0xc8,0xc9,0xca,0xcc,0xce,0xcf,0xd2,0xd5,0xd7,0xda,0xdd,0xe3,0xe7,0xeb,0xf0,0xf6,
	0xf9,0xfc,0xe6,0xc5,0x00,0x00,0x00,0x00,0x00,0x00,0x00,0x00,0x00,0x00,0x00,0x00,0x00,0x00,0x00,0x00,0x00,0x00,0x00,0x00,
	0x00,0x00,0x00,0x00,0x00,0x00,0x00,0xc1,0xd8,0xf8,0xfc,0xf7,0xf1,0xed,0xe8,0xe4,0xe0,0xdd,0xd9,0xd6,0xd4,0xd1,0xce,0xcd,
	0xcb,0xca,0xc8,0xc8,0xc6,0xc6,0xc5,0xc5,0xc3,0xc3,0xc3,0xc3,0xc2,0xc2,0xc2,0xc2,0xc2,0xc1,0xc1,0xc1,0xc1,0x00,0x00,0x00,
	0x00,0x00,0x00,0x00,0x00,0x00,0x00,0x00,0x00,0x00,0x00,0x00,0x00,0x00,0x00,0x00,0x00,0x00,0x00,0x00,0x00,0x00,0xc1,0xc1,
	0xc1,0xc1,0xc2,0xc2,0xc2,0xc2,0xc2,0xc3,0xc3,0xc3,0xc3,0xc5,0xc5,0xc6,0xc6,0xc8,0xc8,0xca,0xcb,0xcd,0xce,0xd1,0xd4,0xd6,
	0xd9,0xdd,0xe0,0xe4,0xe8,0xed,0xf1,0xf7,0xfc,0xf8,0xd8,0xc1,0x00,0x00,0x00,0x00,0x00,0x00,0x00,0x00,0x00,0x00,0x00,0x00,
	0x00,0x00,0x00,0x00,0x00,0x00,0x00,0x00,0x00,0x00,0x00,0x00,0x00,0x00,0x00,0x00,0xcb,0xf0,0xfd,0xf9,0xf3,0xee,0xea,0xe6,
	0xe2,0xde,0xda,0xd7,0xd4,0xd1,0xd0,0xce,0xcc,0xcb,0xc9,0xc8,0xc7,0xc6,0xc6,0xc4,0xc3,0xc3,0xc3,0xc3,0xc3,0xc2,0xc2,0xc2,
	0xc2,0xc2,0xc1,0xc1,0xc1,0xc1,0xc1,0x00,0x00,0x00,0x00,0x00,0x00,0x00,0x00,0x00,0x00,0x00,0x00,0x00,0x00,0x00,0x00,0x00,
	0x00,0x00,0x00,0x00,0xc1,0xc1,0xc1,0xc1,0xc1,0xc2,0xc2,0xc2,0xc2,0xc2,0xc3,0xc3,0xc3,0xc3,0xc3,0xc4,0xc6,0xc6,0xc7,0xc8,
	0xc9,0xcb,0xcc,0xce,0xd0,0xd1,0xd4,0xd7,0xda,0xde,0xe2,0xe6,0xea,0xee,0xf3,0xf9,0xfd,0xf0,0xcb,0x00,0x00,0x00,0x00,0x00,
	0x00,0x00,0x00,0x00,0x00,0x00,0x00,0x00,0x00,0x00,0x00,0x00,0x00,0x00,0x00,0x00,0x00,0x00,0x00,0x00,0x00,0x00,0x00,0x00,
	0xc3,0xe1,0xfb,0xfa,0xf6,0xf1,0xed,0xe7,0xe3,0xdf,0xdc,0xd9,0xd6,0xd4,0xd1,0xce,0xcd,0xcb,0xca,0xc9,0xc8,0xc7,0xc5,0xc5,
	0xc5,0xc3,0xc3,0xc3,0xc3,0xc3,0xc2,0xc2,0xc2,0xc2,0xc2,0xc1,0xc1,0xc1,0xc1,0xc1,0xc1,0x00,0x00,0x00,0x00,0x00,0x00,0x00,
	0x00,0x00,0x00,0x00,0x00,0x00,0x00,0x00,0x00,0x00,0xc1,0xc1,0xc1,0xc1,0xc1,0xc1,0xc2,0xc2,0xc2,0xc2,0xc2,0xc3,0xc3,0xc3,
	0xc3,0xc3,0xc5,0xc5,0xc5,0xc7,0xc8,0xc9,0xca,0xcb,0xcd,0xce,0xd1,0xd4,0xd6,0xd9,0xdc,0xdf,0xe3,0xe7,0xed,0xf1,0xf6,0xfa,
	0xfb,0xe1,0xc3,0x00,0x00,0x00,0x00,0x00,0x00,0x00,0x00,0x00,0x00,0x00,0x00,0x00,0x00,0x00,0x00,0x00,0x00,0x00,0x00,0x00,
	0x00,0x00,0x00,0x00,0x00,0x00,0x00,0x00,0xc1,0xd0,0xf4,0xfc,0xf8,0xf3,0xee,0xea,0xe5,0xe2,0xde,0xda,0xd7,0xd5,0xd2,0xd0,
	0xce,0xcd,0xcb,0xca,0xc8,0xc8,0xc7,0xc5,0xc5,0xc4,0xc3,0xc3,0xc3,0xc3,0xc3,0xc2,0xc2,0xc2,0xc2,0xc2,0xc1,0xc1,0xc1,0xc1,
	0xc1,0xc1,0xc1,0xc1,0x00,0x00,0x00,0x00,0x00,0x00,0x00,0x00,0x00,0x00,0x00,0xc1,0xc1,0xc1,0xc1,0xc1,0xc1,0xc1,0xc1,0xc2,
	0xc2,0xc2,0xc2,0xc2,0xc3,0xc3,0xc3,0xc3,0xc3,0xc4,0xc5,0xc5,0xc7,0xc8,0xc8,0xca,0xcb,0xcd,0xce,0xd0,0xd2,0xd5,0xd7,0xda,
	0xde,0xe2,0xe5,0xea,0xee,0xf3,0xf8,0xfc,0xf4,0xd0,0xc1,0x00,0x00,0x00,0x00,0x00,0x00,0x00,0x00,0x00,0x00,0x00,0x00,0x00,
	0x00,0x00,0x00,0x00,0x00,0x00,0x00,0x00,0x00,0x00,0x00,0x00,0x00,0x00,0x00,0x00,0x00,0xc5,0xe5,0xfc,0xfb,0xf5,0xf1,0xec,
	0xe7,0xe3,0xdf,0xdc,0xd9,0xd6,0xd3,0xd1,0xcf,0xce,0xcc,0xcb,0xc8,0xc8,0xc7,0xc6,0xc5,0xc5,0xc4,0xc3,0xc3,0xc3,0xc3,0xc3,
	0xc2,0xc2,0xc2,0xc2,0xc2,0xc2,0xc1,0xc1,0xc1,0xc1,0xc1,0xc1,0xc1,0xc1,0xc1,0xc1,0xc1,0xc1,0xc1,0xc1,0xc1,0xc1,0xc1,0xc1,
	0xc1,0xc1,0xc1,0xc1,0xc1,0xc2,0xc2,0xc2,0xc2,0xc2,0xc2,0xc3,0xc3,0xc3,0xc3,0xc3,0xc4,0xc5,0xc5,0xc6,0xc7,0xc8,0xc8,0xcb,
	0xcc,0xce,0xcf,0xd1,0xd3,0xd6,0xd9,0xdc,0xdf,0xe3,0xe7,0xec,0xf1,0xf5,0xfb,0xfc,0xe5,0xc5,0x00,0x00,0x00,0x00,0x00,0x00,
	0x00,0x00,0x00,0x00,0x00,0x00,0x00,0x00,0x00,0x00,0x00,0x00,0x00,0x00,0x00,0x00,0x00,0x00,0x00,0x00,0x00,0x00,0x00,0x00,
	0x00,0xc1,0xd2,0xf6,0xfc,0xf8,0xf4,0xee,0xea,0xe6,0xe3,0xde,0xdb,0xd8,0xd6,0xd3,0xd1,0xce,0xcd,0xcb,0xca,0xc9,0xc8,0xc7,
	0xc6,0xc5,0xc5,0xc4,0xc3,0xc3,0xc3,0xc3,0xc3,0xc2,0xc2,0xc2,0xc2,0xc2,0xc2,0xc2,0xc1,0xc1,0xc1,0xc1,0xc1,0xc1,0xc1,0xc1,
	0xc1,0xc1,0xc1,0xc1,0xc1,0xc1,0xc1,0xc1,0xc1,0xc1,0xc1,0xc2,0xc2,0xc2,0xc2,0xc2,0xc2,0xc2,0xc3,0xc3,0xc3,0xc3,0xc3,0xc4,
	0xc5,0xc5,0xc6,0xc7,0xc8,0xc9,0xca,0xcb,0xcd,0xce,0xd1,0xd3,0xd6,0xd8,0xdb,0xde,0xe3,0xe6,0xea,0xee,0xf4,0xf8,0xfc,0xf6,
	0xd2,0xc1,0x00,0x00,0x00,0x00,0x00,0x00,0x00,0x00,0x00,0x00,0x00,0x00,0x00,0x00,0x00,0x00,0x00,0x00,0x00,0x00,0x00,0x00,
	0x00,0x00,0x00,0x00,0x00,0x00,0x00,0x00,0x00,0x00,0xc6,0xe6,0xfd,0xfb,0xf6,0xf2,0xed,0xe8,0xe5,0xe0,0xde,0xdb,0xd8,0xd4,
	0xd2,0xd0,0xce,0xcd,0xcb,0xca,0xc9,0xc7,0xc7,0xc6,0xc5,0xc5,0xc4,0xc3,0xc3,0xc3,0xc3,0xc3,0xc3,0xc2,0xc2,0xc2,0xc2,0xc2,
	0xc2,0xc2,0xc2,0xc1,0xc1,0xc1,0xc1,0xc1,0xc1,0xc1,0xc1,0xc1,0xc1,0xc1,0xc1,0xc1,0xc2,0xc2,0xc2,0xc2,0xc2,0xc2,0xc2,0xc2,
	0xc3,0xc3,0xc3,0xc3,0xc3,0xc3,0xc4,0xc5,0xc5,0xc6,0xc7,0xc7,0xc9,0xca,0xcb,0xcd,0xce,0xd0,0xd2,0xd4,0xd8,0xdb,0xde,0xe0,
	0xe5,0xe8,0xed,0xf2,0xf6,0xfb,0xfd,0xe6,0xc6,0x00,0x00,0x00,0x00,0x00,0x00,0x00,0x00,0x00,0x00,0x00,0x00,0x00,0x00,0x00,
	0x00,0x00,0x00,0x00,0x00,0x00,0x00,0x00,0x00,0x00,0x00,0x00,0x00,0x00,0x00,0x00,0x00,0x00,0xc2,0xd2,0xf5,0xfd,0xf9,0xf3,
	0xef,0xeb,0xe7,0xe3,0xe0,0xdd,0xd9,0xd6,0xd4,0xd2,0xd0,0xce,0xcd,0xcb,0xca,0xc8,0xc8,0xc6,0xc6,0xc5,0xc5,0xc5,0xc3,0xc3,
	0xc3,0xc3,0xc3,0xc3,0xc2,0xc2,0xc2,0xc2,0xc2,0xc2,0xc2,0xc2,0xc2,0xc2,0xc2,0xc2,0xc1,0xc1,0xc1,0xc2,0xc2,0xc2,0xc2,0xc2,
	0xc2,0xc2,0xc2,0xc2,0xc2,0xc2,0xc2,0xc3,0xc3,0xc3,0xc3,0xc3,0xc3,0xc5,0xc5,0xc5,0xc6,0xc6,0xc8,0xc8,0xca,0xcb,0xcd,0xce,
	0xd0,0xd2,0xd4,0xd6,0xd9,0xdd,0xe0,0xe3,0xe7,0xeb,0xef,0xf3,0xf9,0xfd,0xf5,0xd2,0xc2,0x00,0x00,0x00,0x00,0x00,0x00,0x00,
	0x00,0x00,0x00,0x00,0x00,0x00,0x00,0x00,0x00,0x00,0x00,0x00,0x00,0x00,0x00,0x00,0x00,0x00,0x00,0x00,0x00,0x00,0x00,0x00,
	0x00,0x00,0x00,0xc6,0xe2,0xfd,0xfc,0xf8,0xf2,0xed,0xea,0xe6,0xe2,0xdf,0xdb,0xd9,0xd6,0xd4,0xd2,0xcf,0xcf,0xcc,0xcb,0xca,
	0xc8,0xc7,0xc7,0xc6,0xc5,0xc5,0xc4,0xc5,0xc3,0xc3,0xc3,0xc3,0xc3,0xc2,0xc2,0xc2,0xc2,0xc2,0xc2,0xc2,0xc2,0xc2,0xc2,0xc2,
	0xc2,0xc2,0xc2,0xc2,0xc2,0xc2,0xc2,0xc2,0xc2,0xc2,0xc2,0xc2,0xc2,0xc2,0xc3,0xc3,0xc3,0xc3,0xc3,0xc5,0xc4,0xc5,0xc5,0xc6,
	0xc7,0xc7,0xc8,0xca,0xcb,0xcc,0xcf,0xcf,0xd2,0xd4,0xd6,0xd9,0xdb,0xdf,0xe2,0xe6,0xea,0xed,0xf2,0xf8,0xfc,0xfd,0xe2,0xc6,
	0x00,0x00,0x00,0x00,0x00,0x00,0x00,0x00,0x00,0x00,0x00,0x00,0x00,0x00,0x00,0x00,0x00,0x00,0x00,0x00,0x00,0x00,0x00,0x00,
	0x00,0x00,0x00,0x00,0x00,0x00,0x00,0x00,0x00,0x00,0x00,0xc1,0xce,0xf0,0xfe,0xfb,0xf6,0xf0,0xec,0xe9,0xe4,0xe1,0xde,0xda,
	0xd8,0xd5,0xd4,0xd1,0xcf,0xce,0xcc,0xcb,0xc9,0xc9,0xc8,0xc7,0xc7,0xc5,0xc6,0xc5,0xc5,0xc3,0xc3,0xc3,0xc3,0xc3,0xc3,0xc3,
	0xc3,0xc3,0xc3,0xc2,0xc2,0xc2,0xc2,0xc2,0xc2,0xc2,0xc2,0xc2,0xc2,0xc2,0xc2,0xc2,0xc3,0xc3,0xc3,0xc3,0xc3,0xc3,0xc3,0xc3,
	0xc3,0xc3,0xc5,0xc5,0xc6,0xc5,0xc7,0xc7,0xc8,0xc9,0xc9,0xcb,0xcc,0xce,0xcf,0xd1,0xd4,0xd5,0xd8,0xda,0xde,0xe1,0xe4,0xe9,
	0xec,0xf0,0xf6,0xfb,0xfe,0xf0,0xce,0xc1,0x00,0x00,0x00,0x00,0x00,0x00,0x00,0x00,0x00,0x00,0x00,0x00,0x00,0x00,0x00,0x00,
	0x00,0x00,0x00,0x00,0x00,0x00,0x00,0x00,0x00,0x00,0x00,0x00,0x00,0x00,0x00,0x00,0x00,0x00,0x00,0x00,0xc5,0xdb,0xfa,0xfd,
	0xf8,0xf3,0xef,0xeb,0xe7,0xe4,0xe1,0xdd,0xda,0xd8,0xd5,0xd3,0xd0,0xce,0xce,0xcd,0xcb,0xc9,0xc9,0xc8,0xc8,0xc7,0xc6,0xc6,
	0xc5,0xc5,0xc5,0xc4,0xc3,0xc3,0xc3,0xc3,0xc3,0xc3,0xc3,0xc3,0xc3,0xc3,0xc3,0xc3,0xc3,0xc3,0xc3,0xc3,0xc3,0xc3,0xc3,0xc3,
	0xc3,0xc3,0xc3,0xc3,0xc3,0xc3,0xc3,0xc4,0xc5,0xc5,0xc5,0xc6,0xc6,0xc7,0xc8,0xc8,0xc9,0xc9,0xcb,0xcd,0xce,0xce,0xd0,0xd3,
	0xd5,0xd8,0xda,0xdd,0xe1,0xe4,0xe7,0xeb,0xef,0xf3,0xf8,0xfd,0xfa,0xdb,0xc5,0x00,0x00,0x00,0x00,0x00,0x00,0x00,0x00,0x00,
	0x00,0x00,0x00,0x00,0x00,0x00,0x00,0x00,0x00,0x00,0x00,0x00,0x00,0x00,0x00,0x00,0x00,0x00,0x00,0x00,0x00,0x00,0x00,0x00,
	0x00,0x00,0x00,0x00,0xc1,0xca,0xe8,0xfd,0xfb,0xf7,0xf3,0xef,0xea,0xe6,0xe3,0xdf,0xdd,0xda,0xd7,0xd4,0xd2,0xd0,0xce,0xce,
	0xce,0xcb,0xca,0xc8,0xc8,0xc8,0xc7,0xc6,0xc6,0xc6,0xc5,0xc5,0xc4,0xc4,0xc3,0xc3,0xc3,0xc3,0xc3,0xc3,0xc3,0xc3,0xc3,0xc3,
	0xc3,0xc3,0xc3,0xc3,0xc3,0xc3,0xc3,0xc3,0xc3,0xc3,0xc3,0xc3,0xc3,0xc4,0xc4,0xc5,0xc5,0xc6,0xc6,0xc6,0xc7,0xc8,0xc8,0xc8,
	0xca,0xcb,0xce,0xce,0xce,0xd0,0xd2,0xd4,0xd7,0xda,0xdd,0xdf,0xe3,0xe6,0xea,0xef,0xf3,0xf7,0xfb,0xfd,0xe8,0xca,0xc1,0x00,
	0x00,0x00,0x00,0x00,0x00,0x00,0x00,0x00,0x00,0x00,0x00,0x00,0x00,0x00,0x00,0x00,0x00,0x00,0x00,0x00,0x00,0x00,0x00,0x00,
	0x00,0x00,0x00,0x00,0x00,0x00,0x00,0x00,0x00,0x00,0x00,0x00,0x00,0xc3,0xd2,0xf0,0xff,0xfa,0xf5,0xf1,0xed,0xe9,0xe6,0xe2,
	0xdf,0xdc,0xd9,0xd6,0xd4,0xd3,0xd1,0xcf,0xce,0xcd,0xcb,0xcb,0xca,0xc9,0xc8,0xc8,0xc7,0xc6,0xc6,0xc6,0xc5,0xc5,0xc4,0xc4,
	0xc4,0xc3,0xc3,0xc3,0xc3,0xc3,0xc3,0xc3,0xc3,0xc3,0xc3,0xc3,0xc3,0xc3,0xc3,0xc3,0xc3,0xc3,0xc4,0xc4,0xc4,0xc5,0xc5,0xc6,
	0xc6,0xc6,0xc7,0xc8,0xc8,0xc9,0xca,0xcb,0xcb,0xcd,0xce,0xcf,0xd1,0xd3,0xd4,0xd6,0xd9,0xdc,0xdf,0xe2,0xe6,0xe9,0xed,0xf1,
	0xf5,0xfa,0xff,0xf0,0xd2,0xc3,0x00,0x00,0x00,0x00,0x00,0x00,0x00,0x00,0x00,0x00,0x00,0x00,0x00,0x00,0x00,0x00,0x00,0x00,
	0x00,0x00,0x00,0x00,0x00,0x00,0x00,0x00,0x00,0x00,0x00,0x00,0x00,0x00,0x00,0x00,0x00,0x00,0x00,0x00,0x00,0x00,0xc5,0xda,
	0xf7,0xfe,0xf9,0xf5,0xf0,0xec,0xe9,0xe5,0xe2,0xdf,0xdc,0xd9,0xd7,0xd5,0xd4,0xd2,0xd0,0xce,0xcd,0xcc,0xcb,0xca,0xc9,0xc8,
	0xc8,0xc8,0xc7,0xc6,0xc6,0xc5,0xc5,0xc5,0xc5,0xc5,0xc4,0xc4,0xc4,0xc4,0xc4,0xc3,0xc3,0xc3,0xc3,0xc3,0xc4,0xc4,0xc4,0xc4,
	0xc4,0xc5,0xc5,0xc5,0xc5,0xc5,0xc6,0xc6,0xc7,0xc8,0xc8,0xc8,0xc9,0xca,0xcb,0xcc,0xcd,0xce,0xd0,0xd2,0xd4,0xd5,0xd7,0xd9,
	0xdc,0xdf,0xe2,0xe5,0xe9,0xec,0xf0,0xf5,0xf9,0xfe,0xf7,0xda,0xc5,0x00,0x00,0x00,0x00,0x00,0x00,0x00,0x00,0x00,0x00,0x00,
	0x00,0x00,0x00,0x00,0x00,0x00,0x00,0x00,0x00,0x00,0x00,0x00,0x00,0x00,0x00,0x00,0x00,0x00,0x00,0x00,0x00,0x00,0x00,0x00,
	0x00,0x00,0x00,0x00,0x00,0x00,0x00,0xc7,0xe2,0xfa,0xfc,0xf8,0xf5,0xf0,0xed,0xe9,0xe5,0xe3,0xdf,0xdc,0xda,0xd8,0xd5,0xd4,
	0xd2,0xd0,0xce,0xce,0xcd,0xcb,0xcb,0xca,0xc9,0xc8,0xc8,0xc8,0xc6,0xc6,0xc6,0xc6,0xc5,0xc5,0xc5,0xc5,0xc5,0xc5,0xc5,0xc5,
	0xc5,0xc5,0xc5,0xc5,0xc5,0xc5,0xc5,0xc5,0xc5,0xc5,0xc5,0xc6,0xc6,0xc6,0xc6,0xc8,0xc8,0xc8,0xc9,0xca,0xcb,0xcb,0xcd,0xce,
	0xce,0xd0,0xd2,0xd4,0xd5,0xd8,0xda,0xdc,0xdf,0xe3,0xe5,0xe9,0xed,0xf0,0xf5,0xf8,0xfc,0xfa,0xe2,0xc7,0x00,0x00,0x00,0x00,
	0x00,0x00,0x00,0x00,0x00,0x00,0x00,0x00,0x00,0x00,0x00,0x00,0x00,0x00,0x00,0x00,0x00,0x00,0x00,0x00,0x00,0x00,0x00,0x00,
	0x00,0x00,0x00,0x00,0x00,0x00,0x00,0x00,0x00,0x00,0x00,0x00,0x00,0x00,0x00,0xc1,0xcb,0xe6,0xfb,0xfc,0xf8,0xf4,0xf0,0xec,
	0xe9,0xe5,0xe2,0xdf,0xdd,0xda,0xd8,0xd6,0xd4,0xd2,0xd1,0xcf,0xce,0xcd,0xcc,0xcb,0xca,0xca,0xc9,0xc8,0xc8,0xc8,0xc7,0xc6,
	0xc6,0xc6,0xc6,0xc6,0xc6,0xc5,0xc5,0xc5,0xc5,0xc5,0xc5,0xc5,0xc5,0xc5,0xc6,0xc6,0xc6,0xc6,0xc6,0xc6,0xc7,0xc8,0xc8,0xc8,
	0xc9,0xca,0xca,0xcb,0xcc,0xcd,0xce,0xcf,0xd1,0xd2,0xd4,0xd6,0xd8,0xda,0xdd,0xdf,0xe2,0xe5,0xe9,0xec,0xf0,0xf4,0xf8,0xfc,
	0xfb,0xe6,0xcb,0xc1,0x00,0x00,0x00,0x00,0x00,0x00,0x00,0x00,0x00,0x00,0x00,0x00,0x00,0x00,0x00,0x00,0x00,0x00,0x00,0x00,
	0x00,0x00,0x00,0x00,0x00,0x00,0x00,0x00,0x00,0x00,0x00,0x00,0x00,0x00,0x00,0x00,0x00,0x00,0x00,0x00,0x00,0x00,0x00,0x00,
	0xc2,0xce,0xeb,0xfc,0xfb,0xf8,0xf4,0xef,0xec,0xe9,0xe5,0xe2,0xdf,0xdd,0xda,0xd9,0xd6,0xd4,0xd3,0xd1,0xd0,0xce,0xce,0xcd,
	0xcc,0xcb,0xca,0xca,0xc8,0xc8,0xc8,0xc8,0xc8,0xc7,0xc7,0xc7,0xc6,0xc6,0xc6,0xc6,0xc6,0xc6,0xc6,0xc6,0xc6,0xc6,0xc6,0xc7,
	0xc7,0xc7,0xc8,0xc8,0xc8,0xc8,0xc8,0xca,0xca,0xcb,0xcc,0xcd,0xce,0xce,0xd0,0xd1,0xd3,0xd4,0xd6,0xd9,0xda,0xdd,0xdf,0xe2,
	0xe5,0xe9,0xec,0xef,0xf4,0xf8,0xfb,0xfc,0xeb,0xce,0xc2,0x00,0x00,0x00,0x00,0x00,0x00,0x00,0x00,0x00,0x00,0x00,0x00,0x00,
	0x00,0x00,0x00,0x00,0x00,0x00,0x00,0x00,0x00,0x00,0x00,0x00,0x00,0x00,0x00,0x00,0x00,0x00,0x00,0x00,0x00,0x00,0x00,0x00,
	0x00,0x00,0x00,0x00,0x00,0x00,0x00,0x00,0x00,0xc2,0xd0,0xed,0xfb,0xfb,0xf8,0xf4,0xf0,0xed,0xe9,0xe6,0xe3,0xe1,0xde,0xdb,
	0xd9,0xd8,0xd6,0xd3,0xd2,0xd1,0xd0,0xce,0xce,0xcd,0xcc,0xcb,0xcb,0xca,0xc9,0xc9,0xc8,0xc8,0xc8,0xc8,0xc8,0xc8,0xc8,0xc8,
	0xc7,0xc7,0xc7,0xc8,0xc8,0xc8,0xc8,0xc8,0xc8,0xc8,0xc8,0xc9,0xc9,0xca,0xcb,0xcb,0xcc,0xcd,0xce,0xce,0xd0,0xd1,0xd2,0xd3,
	0xd6,0xd8,0xd9,0xdb,0xde,0xe1,0xe3,0xe6,0xe9,0xed,0xf0,0xf4,0xf8,0xfb,0xfb,0xed,0xd0,0xc2,0x00,0x00,0x00,0x00,0x00,0x00,
	0x00,0x00,0x00,0x00,0x00,0x00,0x00,0x00,0x00,0x00,0x00,0x00,0x00,0x00,0x00,0x00,0x00,0x00,0x00,0x00,0x00,0x00,0x00,0x00,
	0x00,0x00,0x00,0x00,0x00,0x00,0x00,0x00,0x00,0x00,0x00,0x00,0x00,0x00,0x00,0x00,0x00,0x00,0xc2,0xd2,0xee,0xfb,0xfc,0xf8,
	0xf4,0xf0,0xec,0xe9,0xe6,0xe4,0xe1,0xdf,0xdd,0xdb,0xd9,0xd6,0xd5,0xd4,0xd1,0xd1,0xcf,0xce,0xce,0xcd,0xcd,0xcb,0xcc,0xca,
	0xca,0xca,0xc9,0xc9,0xc8,0xc8,0xc8,0xc8,0xc8,0xc8,0xc8,0xc8,0xc8,0xc8,0xc8,0xc9,0xc9,0xca,0xca,0xca,0xcc,0xcb,0xcd,0xcd,
	0xce,0xce,0xcf,0xd1,0xd1,0xd4,0xd5,0xd6,0xd9,0xdb,0xdd,0xdf,0xe1,0xe4,0xe6,0xe9,0xec,0xf0,0xf4,0xf8,0xfc,0xfb,0xee,0xd2,
	0xc2,0x00,0x00,0x00,0x00,0x00,0x00,0x00,0x00,0x00,0x00,0x00,0x00,0x00,0x00,0x00,0x00,0x00,0x00,0x00,0x00,0x00,0x00,0x00,
	0x00,0x00,0x00,0x00,0x00,0x00,0x00,0x00,0x00,0x00,0x00,0x00,0x00,0x00,0x00,0x00,0x00,0x00,0x00,0x00,0x00,0x00,0x00,0x00,
	0x00,0x00,0x00,0xc1,0xd2,0xee,0xfb,0xfb,0xf8,0xf5,0xf0,0xed,0xea,0xe7,0xe4,0xe2,0xe0,0xde,0xdb,0xd9,0xd7,0xd6,0xd4,0xd4,
	0xd2,0xd1,0xd0,0xcf,0xce,0xcd,0xcd,0xcd,0xcc,0xcc,0xcc,0xcb,0xcb,0xcb,0xca,0xca,0xca,0xca,0xca,0xca,0xca,0xcb,0xcb,0xcb,
	0xcc,0xcc,0xcc,0xcd,0xcd,0xcd,0xce,0xcf,0xd0,0xd1,0xd2,0xd4,0xd4,0xd6,0xd7,0xd9,0xdb,0xde,0xe0,0xe2,0xe4,0xe7,0xea,0xed,
	0xf0,0xf5,0xf8,0xfb,0xfb,0xee,0xd2,0xc1,0x00,0x00,0x00,0x00,0x00,0x00,0x00,0x00,0x00,0x00,0x00,0x00,0x00,0x00,0x00,0x00,
	0x00,0x00,0x00,0x00,0x00,0x00,0x00,0x00,0x00,0x00,0x00,0x00,0x00,0x00,0x00,0x00,0x00,0x00,0x00,0x00,0x00,0x00,0x00,0x00,
	0x00,0x00,0x00,0x00,0x00,0x00,0x00,0x00,0x00,0x00,0x00,0x00,0xc2,0xd2,0xed,0xfc,0xfc,0xf8,0xf5,0xf1,0xef,0xeb,0xe9,0xe6,
	0xe3,0xe0,0xdf,0xdc,0xda,0xd9,0xd7,0xd6,0xd5,0xd4,0xd3,0xd2,0xd0,0xcf,0xcf,0xcf,0xce,0xcd,0xcd,0xcd,0xcd,0xcd,0xcc,0xcc,
	0xcc,0xcc,0xcc,0xcc,0xcc,0xcd,0xcd,0xcd,0xcd,0xcd,0xce,0xcf,0xcf,0xcf,0xd0,0xd2,0xd3,0xd4,0xd5,0xd6,0xd7,0xd9,0xda,0xdc,
	0xdf,0xe0,0xe3,0xe6,0xe9,0xeb,0xef,0xf1,0xf5,0xf8,0xfc,0xfc,0xed,0xd2,0xc2,0x00,0x00,0x00,0x00,0x00,0x00,0x00,0x00,0x00,
	0x00,0x00,0x00,0x00,0x00,0x00,0x00,0x00,0x00,0x00,0x00,0x00,0x00,0x00,0x00,0x00,0x00,0x00,0x00,0x00,0x00,0x00,0x00,0x00,
	0x00,0x00,0x00,0x00,0x00,0x00,0x00,0x00,0x00,0x00,0x00,0x00,0x00,0x00,0x00,0x00,0x00,0x00,0x00,0x00,0x00,0xc2,0xd0,0xeb,
	0xfb,0xfc,0xf9,0xf5,0xf3,0xef,0xec,0xea,0xe7,0xe5,0xe3,0xdf,0xde,0xdc,0xda,0xd9,0xd7,0xd6,0xd5,0xd4,0xd3,0xd2,0xd1,0xd1,
	0xd0,0xcf,0xcf,0xcf,0xcf,0xcf,0xcf,0xce,0xce,0xce,0xce,0xce,0xcf,0xcf,0xcf,0xcf,0xcf,0xcf,0xd0,0xd1,0xd1,0xd2,0xd3,0xd4,
	0xd5,0xd6,0xd7,0xd9,0xda,0xdc,0xde,0xdf,0xe3,0xe5,0xe7,0xea,0xec,0xef,0xf3,0xf5,0xf9,0xfc,0xfb,0xeb,0xd0,0xc2,0x00,0x00,
	0x00,0x00,0x00,0x00,0x00,0x00,0x00,0x00,0x00,0x00,0x00,0x00,0x00,0x00,0x00,0x00,0x00,0x00,0x00,0x00,0x00,0x00,0x00,0x00,
	0x00,0x00,0x00,0x00,0x00,0x00,0x00,0x00,0x00,0x00,0x00,0x00,0x00,0x00,0x00,0x00,0x00,0x00,0x00,0x00,0x00,0x00,0x00,0x00,
	0x00,0x00,0x00,0x00,0x00,0x00,0xc1,0xce,0xe6,0xfa,0xfe,0xfb,0xf7,0xf4,0xf0,0xed,0xeb,0xe8,0xe7,0xe3,0xe2,0xdf,0xde,0xdd,
	0xda,0xda,0xd9,0xd8,0xd5,0xd4,0xd4,0xd3,0xd2,0xd2,0xd1,0xd2,0xd1,0xd1,0xd0,0xd0,0xd0,0xd0,0xd0,0xd0,0xd0,0xd1,0xd1,0xd2,
	0xd1,0xd2,0xd2,0xd3,0xd4,0xd4,0xd5,0xd8,0xd9,0xda,0xda,0xdd,0xde,0xdf,0xe2,0xe3,0xe7,0xe8,0xeb,0xed,0xf0,0xf4,0xf7,0xfb,
	0xfe,0xfa,0xe6,0xce,0xc1,0x00,0x00,0x00,0x00,0x00,0x00,0x00,0x00,0x00,0x00,0x00,0x00,0x00,0x00,0x00,0x00,0x00,0x00,0x00,
	0x00,0x00,0x00,0x00,0x00,0x00,0x00,0x00,0x00,0x00,0x00,0x00,0x00,0x00,0x00,0x00,0x00,0x00,0x00,0x00,0x00,0x00,0x00,0x00,
	0x00,0x00,0x00,0x00,0x00,0x00,0x00,0x00,0x00,0x00,0x00,0x00,0x00,0x00,0x00,0xc2,0xcb,0xe1,0xf7,0xff,0xfb,0xf8,0xf6,0xf2,
	0xef,0xed,0xea,0xe7,0xe5,0xe3,0xe2,0xe0,0xde,0xdd,0xdc,0xdb,0xd9,0xd8,0xd7,0xd7,0xd6,0xd5,0xd5,0xd4,0xd4,0xd4,0xd3,0xd3,
	0xd3,0xd2,0xd3,0xd3,0xd3,0xd4,0xd4,0xd4,0xd5,0xd5,0xd6,0xd7,0xd7,0xd8,0xd9,0xdb,0xdc,0xdd,0xde,0xe0,0xe2,0xe3,0xe5,0xe7,
	0xea,0xed,0xef,0xf2,0xf6,0xf8,0xfb,0xff,0xf7,0xe1,0xcb,0xc2,0x00,0x00,0x00,0x00,0x00,0x00,0x00,0x00,0x00,0x00,0x00,0x00,
	0x00,0x00,0x00,0x00,0x00,0x00,0x00,0x00,0x00,0x00,0x00,0x00,0x00,0x00,0x00,0x00,0x00,0x00,0x00,0x00,0x00,0x00,0x00,0x00,
	0x00,0x00,0x00,0x00,0x00,0x00,0x00,0x00,0x00,0x00,0x00,0x00,0x00,0x00,0x00,0x00,0x00,0x00,0x00,0x00,0x00,0x00,0x00,0x00,
	0xc1,0xc8,0xd9,0xf0,0xfd,0xfd,0xfa,0xf7,0xf3,0xf2,0xee,0xec,0xea,0xe7,0xe6,0xe4,0xe3,0xe1,0xe0,0xde,0xdd,0xdc,0xda,0xda,
	0xd8,0xd8,0xd8,0xd7,0xd7,0xd7,0xd6,0xd6,0xd6,0xd6,0xd6,0xd6,0xd6,0xd7,0xd7,0xd7,0xd8,0xd8,0xd8,0xda,0xda,0xdc,0xdd,0xde,
	0xe0,0xe1,0xe3,0xe4,0xe6,0xe7,0xea,0xec,0xee,0xf2,0xf3,0xf7,0xfa,0xfd,0xfd,0xf0,0xd9,0xc8,0xc1,0x00,0x00,0x00,0x00,0x00,
	0x00,0x00,0x00,0x00,0x00,0x00,0x00,0x00,0x00,0x00,0x00,0x00,0x00,0x00,0x00,0x00,0x00,0x00,0x00,0x00,0x00,0x00,0x00,0x00,
	0x00,0x00,0x00,0x00,0x00,0x00,0x00,0x00,0x00,0x00,0x00,0x00,0x00,0x00,0x00,0x00,0x00,0x00,0x00,0x00,0x00,0x00,0x00,0x00,
	0x00,0x00,0x00,0x00,0x00,0x00,0x00,0x00,0x00,0x00,0xc5,0xd2,0xe7,0xfa,0xfe,0xfc,0xf9,0xf6,0xf4,0xf1,0xee,0xed,0xea,0xe8,
	0xe7,0xe4,0xe3,0xe2,0xe0,0xdf,0xde,0xdd,0xdd,0xdb,0xdb,0xda,0xda,0xda,0xd9,0xd9,0xd9,0xd8,0xd9,0xd9,0xd9,0xda,0xda,0xda,
	0xdb,0xdb,0xdd,0xdd,0xde,0xdf,0xe0,0xe2,0xe3,0xe4,0xe7,0xe8,0xea,0xed,0xee,0xf1,0xf4,0xf6,0xf9,0xfc,0xfe,0xfa,0xe7,0xd2,
	0xc5,0x00,0x00,0x00,0x00,0x00,0x00,0x00,0x00,0x00,0x00,0x00,0x00,0x00,0x00,0x00,0x00,0x00,0x00,0x00,0x00,0x00,0x00,0x00,
	0x00,0x00,0x00,0x00,0x00,0x00,0x00,0x00,0x00,0x00,0x00,0x00,0x00,0x00,0x00,0x00,0x00,0x00,0x00,0x00,0x00,0x00,0x00,0x00,
	0x00,0x00,0x00,0x00,0x00,0x00,0x00,0x00,0x00,0x00,0x00,0x00,0x00,0x00,0x00,0x00,0x00,0x00,0x00,0xc2,0xca,0xdc,0xf1,0xfd,
	0xfe,0xfb,0xf8,0xf5,0xf3,0xf1,0xee,0xed,0xeb,0xe9,0xe7,0xe6,0xe4,0xe3,0xe2,0xe1,0xe0,0xdf,0xdf,0xde,0xdd,0xdd,0xdd,0xdd,
	0xdd,0xdd,0xdd,0xdd,0xdd,0xdd,0xdd,0xde,0xdf,0xdf,0xe0,0xe1,0xe2,0xe3,0xe4,0xe6,0xe7,0xe9,0xeb,0xed,0xee,0xf1,0xf3,0xf5,
	0xf8,0xfb,0xfe,0xfd,0xf1,0xdc,0xca,0xc2,0x00,0x00,0x00,0x00,0x00,0x00,0x00,0x00,0x00,0x00,0x00,0x00,0x00,0x00,0x00,0x00,
	0x00,0x00,0x00,0x00,0x00,0x00,0x00,0x00,0x00,0x00,0x00,0x00,0x00,0x00,0x00,0x00,0x00,0x00,0x00,0x00,0x00,0x00,0x00,0x00,
	0x00,0x00,0x00,0x00,0x00,0x00,0x00,0x00,0x00,0x00,0x00,0x00,0x00,0x00,0x00,0x00,0x00,0x00,0x00,0x00,0x00,0x00,0x00,0x00,
	0x00,0x00,0x00,0x00,0x00,0xc4,0xcf,0xe2,0xf5,0xfc,0xfc,0xfb,0xf8,0xf6,0xf3,0xf1,0xf0,0xee,0xec,0xeb,0xe9,0xe7,0xe6,0xe5,
	0xe4,0xe3,0xe3,0xe2,0xe2,0xe1,0xe1,0xe1,0xe1,0xe1,0xe1,0xe1,0xe1,0xe1,0xe2,0xe2,0xe3,0xe3,0xe4,0xe5,0xe6,0xe7,0xe9,0xeb,
	0xec,0xee,0xf0,0xf1,0xf3,0xf6,0xf8,0xfb,0xfc,0xfc,0xf5,0xe2,0xcf,0xc4,0x00,0x00,0x00,0x00,0x00,0x00,0x00,0x00,0x00,0x00,
	0x00,0x00,0x00,0x00,0x00,0x00,0x00,0x00,0x00,0x00,0x00,0x00,0x00,0x00,0x00,0x00,0x00,0x00,0x00,0x00,0x00,0x00,0x00,0x00,
	0x00,0x00,0x00,0x00,0x00,0x00,0x00,0x00,0x00,0x00,0x00,0x00,0x00,0x00,0x00,0x00,0x00,0x00,0x00,0x00,0x00,0x00,0x00,0x00,
	0x00,0x00,0x00,0x00,0x00,0x00,0x00,0x00,0x00,0x00,0x00,0x00,0x00,0x00,0xc1,0xc7,0xd2,0xe6,0xf5,0xfc,0xfc,0xfa,0xf9,0xf7,
	0xf6,0xf3,0xf2,0xf0,0xee,0xed,0xeb,0xea,0xe9,0xe9,0xe8,0xe7,0xe7,0xe6,0xe6,0xe6,0xe6,0xe5,0xe6,0xe6,0xe6,0xe6,0xe7,0xe7,
	0xe8,0xe9,0xe9,0xea,0xeb,0xed,0xee,0xf0,0xf2,0xf3,0xf6,0xf7,0xf9,0xfa,0xfc,0xfc,0xf5,0xe6,0xd2,0xc7,0xc1,0x00,0x00,0x00,
	0x00,0x00,0x00,0x00,0x00,0x00,0x00,0x00,0x00,0x00,0x00,0x00,0x00,0x00,0x00,0x00,0x00,0x00,0x00,0x00,0x00,0x00,0x00,0x00,
	0x00,0x00,0x00,0x00,0x00,0x00,0x00,0x00,0x00,0x00,0x00,0x00,0x00,0x00,0x00,0x00,0x00,0x00,0x00,0x00,0x00,0x00,0x00,0x00,
	0x00,0x00,0x00,0x00,0x00,0x00,0x00,0x00,0x00,0x00,0x00,0x00,0x00,0x00,0x00,0x00,0x00,0x00,0x00,0x00,0x00,0x00,0x00,0x00,
	0xc1,0xc6,0xd2,0xe5,0xf4,0xfb,0xfd,0xfc,0xf9,0xf8,0xf6,0xf5,0xf3,0xf1,0xf0,0xef,0xee,0xee,0xec,0xec,0xeb,0xeb,0xeb,0xea,
	0xea,0xea,0xea,0xea,0xeb,0xeb,0xeb,0xec,0xec,0xee,0xee,0xef,0xf0,0xf1,0xf3,0xf5,0xf6,0xf8,0xf9,0xfc,0xfd,0xfb,0xf4,0xe5,
	0xd2,0xc6,0xc1,0x00,0x00,0x00,0x00,0x00,0x00,0x00,0x00,0x00,0x00,0x00,0x00,0x00,0x00,0x00,0x00,0x00,0x00,0x00,0x00,0x00,
	0x00,0x00,0x00,0x00,0x00,0x00,0x00,0x00,0x00,0x00,0x00,0x00,0x00,0x00,0x00,0x00,0x00,0x00,0x00,0x00,0x00,0x00,0x00,0x00,
	0x00,0x00,0x00,0x00,0x00,0x00,0x00,0x00,0x00,0x00,0x00,0x00,0x00,0x00,0x00,0x00,0x00,0x00,0x00,0x00,0x00,0x00,0x00,0x00,
	0x00,0x00,0x00,0x00,0x00,0x00,0x00,0x00,0x00,0x00,0xc1,0xc5,0xd0,0xe1,0xf0,0xf8,0xfb,0xfc,0xfc,0xfb,0xf9,0xf7,0xf6,0xf5,
	0xf4,0xf3,0xf2,0xf2,0xf1,0xf0,0xf0,0xf0,0xef,0xef,0xef,0xf0,0xf0,0xf0,0xf1,0xf2,0xf2,0xf3,0xf4,0xf5,0xf6,0xf7,0xf9,0xfb,
	0xfc,0xfc,0xfb,0xf8,0xf0,0xe1,0xd0,0xc5,0xc1,0x00,0x00,0x00,0x00,0x00,0x00,0x00,0x00,0x00,0x00,0x00,0x00,0x00,0x00,0x00,
	0x00,0x00,0x00,0x00,0x00,0x00,0x00,0x00,0x00,0x00,0x00,0x00,0x00,0x00,0x00,0x00,0x00,0x00,0x00,0x00,0x00,0x00,0x00,0x00,
	0x00,0x00,0x00,0x00,0x00,0x00,0x00,0x00,0x00,0x00,0x00,0x00,0x00,0x00,0x00,0x00,0x00,0x00,0x00,0x00,0x00,0x00,0x00,0x00,
	0x00,0x00,0x00,0x00,0x00,0x00,0x00,0x00,0x00,0x00,0x00,0x00,0x00,0x00,0x00,0x00,0x00,0x00,0x00,0x00,0xc1,0xc3,0xcb,0xd8,
	0xe6,0xf1,0xf7,0xfb,0xfc,0xfc,0xfb,0xfa,0xf9,0xf9,0xf8,0xf7,0xf6,0xf6,0xf5,0xf5,0xf5,0xf5,0xf5,0xf5,0xf5,0xf6,0xf6,0xf7,
	0xf8,0xf9,0xf9,0xfa,0xfb,0xfc,0xfc,0xfb,0xf7,0xf1,0xe6,0xd8,0xcb,0xc3,0xc1,0x00,0x00,0x00,0x00,0x00,0x00,0x00,0x00,0x00,
	0x00,0x00,0x00,0x00,0x00,0x00,0x00,0x00,0x00,0x00,0x00,0x00,0x00,0x00,0x00,0x00,0x00,0x00,0x00,0x00,0x00,0x00,0x00,0x00,
	0x00,0x00,0x00,0x00,0x00,0x00,0x00,0x00,0x00,0x00,0x00,0x00,0x00,0x00,0x00,0x00,0x00,0x00,0x00,0x00,0x00,0x00,0x00,0x00,
	0x00,0x00,0x00,0x00,0x00,0x00,0x00,0x00,0x00,0x00,0x00,0x00,0x00,0x00,0x00,0x00,0x00,0x00,0x00,0x00,0x00,0x00,0x00,0x00,
	0x00,0x00,0x00,0x00,0x00,0x00,0x00,0xc2,0xc5,0xce,0xd9,0xe5,0xed,0xf3,0xf8,0xfa,0xfc,0xfd,0xfc,0xfd,0xfc,0xfc,0xfb,0xfb,
	0xfb,0xfb,0xfb,0xfb,0xfb,0xfc,0xfc,0xfd,0xfc,0xfd,0xfc,0xfa,0xf8,0xf3,0xed,0xe5,0xd9,0xce,0xc5,0xc2,0x00,0x00,0x00,0x00,
	0x00,0x00,0x00,0x00,0x00,0x00,0x00,0x00,0x00,0x00,0x00,0x00,0x00,0x00,0x00,0x00,0x00,0x00,0x00,0x00,0x00,0x00,0x00,0x00,
	0x00,0x00,0x00,0x00,0x00,0x00,0x00,0x00,0x00,0x00,0x00,0x00,0x00,0x00,0x00,0x00,0x00,0x00,0x00,0x00,0x00,0x00,0x00,0x00,
	0x00,0x00,0x00,0x00,0x00,0x00,0x00,0x00,0x00,0x00,0x00,0x00,0x00,0x00,0x00,0x00,0x00,0x00,0x00,0x00,0x00,0x00,0x00,0x00,
	0x00,0x00,0x00,0x00,0x00,0x00,0x00,0x00,0x00,0x00,0x00,0x00,0x00,0x00,0x00,0x00,0x00,0x00,0xc1,0xc5,0xca,0xd2,0xdb,0xe2,
	0xe9,0xef,0xf2,0xf6,0xf8,0xf9,0xfa,0xfa,0xfb,0xfc,0xfb,0xfa,0xfa,0xf9,0xf8,0xf6,0xf2,0xef,0xe9,0xe2,0xdb,0xd2,0xca,0xc5,
	0xc1,0x00,0x00,0x00,0x00,0x00,0x00,0x00,0x00,0x00,0x00,0x00,0x00,0x00,0x00,0x00,0x00,0x00,0x00,0x00,0x00,0x00,0x00,0x00,
	0x00,0x00,0x00,0x00,0x00,0x00,0x00,0x00,0x00,0x00,0x00,0x00,0x00,0x00,0x00,0x00,0x00,0x00,0x00,0x00,0x00,0x00,0x00,0x00,
	0x00,0x00,0x00,0x00,0x00,0x00,0x00,0x00,0x00,0x00,0x00,0x00,0x00,0x00,0x00,0x00,0x00,0x00,0x00,0x00,0x00,0x00,0x00,0x00,
	0x00,0x00,0x00,0x00,0x00,0x00,0x00,0x00,0x00,0x00,0x00,0x00,0x00,0x00,0x00,0x00,0x00,0x00,0x00,0x00,0x00,0x00,0x00,0x00,
	0x00,0x00,0x00,0x00,0x00,0x00,0xc1,0xc3,0xc7,0xcb,0xd0,0xd4,0xd8,0xdc,0xde,0xdf,0xe1,0xe1,0xe1,0xdf,0xde,0xdc,0xd8,0xd4,
	0xd0,0xcb,0xc7,0xc3,0xc1,0x00,0x00,0x00,0x00,0x00,0x00,0x00,0x00,0x00,0x00,0x00,0x00,0x00,0x00,0x00,0x00,0x00,0x00,0x00,
	0x00,0x00,0x00,0x00,0x00,0x00,0x00,0x00,0x00,0x00,0x00,0x00,0x00,0x00,0x00,0x00,0x00,0x00,0x00,0x00,0x00,0x00,0x00,0x00,
	0x00,0x00,0x00,0x00,0x00,0x00,0x00,0x00,0x00,0x00,0x00,0x00,0x00,0x00,0x00,0x00,0x00,0x00,0x00,0x00,0x00,0x00,0x00,0x00,
	0x00,0x00,0x00,0x00,0x00,0x00,0x00,0x00,0x00,0x00,0x00,0x00,0x00,0x00,0x00,0x00,0x00,0x00,0x00,0x00,0x00,0x00,0x00,0x00,
	0x00,0x00,0x00,0x00,0x00,0x00,0x00,0x00,0x00,0x00,0x00,0x00,0x00,0x00,0x00,0x00,0x00,0x00,0x00,0x00,0x00,0xc1,0xc2,0xc3,
	0xc4,0xc4,0xc4,0xc3,0xc2,0xc1,0x00,0x00,0x00,0x00,0x00,0x00,0x00,0x00,0x00,0x00,0x00,0x00,0x00,0x00,0x00,0x00,0x00,0x00,
	0x00,0x00,0x00,0x00,0x00,0x00,0x00,0x00,0x00,0x00,0x00,0x00,0x00,0x00,0x00,0x00,0x00,0x00,0x00,0x00,0x00,0x00,0x00,0x00,
	0x00,0x00,0x00,0x00,0x00,0x00,0x00,0x00,0x00,0x00,0x00,0x00,0x00,0x00,0x00,0x00,0x00,0x00,0x00,0x00,0x00,0x00,0x00,0x00,
	0x00,0x00,0x00,0x00,0x00,0x00,0x00,0x00,0x00,0x00,0x00,0x00,0x00,0x00,0x00,0x00,0x00,0x00,0x00,0x00,0x00,0x00,0x00,0x00,
	0x00,0x00,0x00,0x00,0x00,0x00,0x00,0x00,0x00,0x00,0x00,0x00,0x00,0x00,0x00,0x00,0x00,0x00,0x00,0x00,0x00,0x00,0x00,0x00,
	0x00,0x00,0x00,0x00,0x00,0x00,0x00,0x00,0x00,0x00,0x00,0x00,0x00,0x00,0x00,0x00,0x00,0x00,0x00,0x00,0x00,0x00,0x00,0x00,
	0x00,0x00,0x00,0x00,0x00,0x00,0x00,0x00,0x00,0x00,0x00,0x00,0x00,0x00,0x00,0x00,0x00,0x00,0x00,0x00,0x00,0x00,0x00,0x00,
	0x00,0x00,0x00,0x00,0x00,0x00,0x00,0x00,0x00,0x00,0x00,0x00,0x00,0x00,0x00,0x00,0x00,0x00,0x00,0x00,0x00,0x00,0x00,0x00,
	0x00,0x00,0x00,0x00,0x00,0x00,0x00,0x00,0x00,0x00,0x00,0x00,0x00,0x00,0x00,0x00,0x00,0x00,0x00,0x00,0x00,0x00,0x00,0x00,
	0x00,0x00,0x00,0x00,0x00,0x00,0x00,0x00,0x00,0x00,0x00,0x00,0x00,0x00,0x00,0x00,0x00,0x00,0x00,0x00,0x00,0x00,0x00,0x00,
	0x00,0x00,0x00,0x00,0x00,0x00,0x00,0x00,0x00,0x00,0x00,0x00,0x00,0x00,0x00,0x00,0x00,0x00,0x00,0x00,0x00,0x00,0x00,0x00,
	0x00,0x00,0x00,0x00,0x00,0x00,0x00,0x00,0x00,0x00,0x00,0x00,0x00,0x00,0x00,0x00,0x00,0x00,0x00,0x00,0x00,0x00,0x00,0x00,
	0x00,0x00,0x00,0x00,0x00,0x00,0x00,0x00,0x00,0x00,0x00,0x00,0x00,0x00,0x00,0x00,0x00,0x00,0x00,0x00,0x00,0x00,0x00,0x00,
	0x00,0x00,0x00,0x00,0x00,0x00,0x00,0x00,0x00,0x00,0x00,0x00,0x00,0x00,0x00,0x00,0x00,0x00,0x00,0x00,0x00,0x00,0x00,0x00,
	0x00,0x00,0x00,0x00,0x00,0x00,0x00,0x00,0x00,0x00,0x00,0x00,0x00,0x00,0x00,0x00,0x00,0x00,0x00,0x00,0x00,0x00,0x00,0x00,
	0x00,0x00,0x00,0x00,0x00,0x00,0x00,0x00,0x00,0x00,0x00,0x00,0x00,0x00,0x00,0x00,0x00,0x00,0x00,0x00,0x00,0x00,0x00,0x00,
	0x00,0x00,0x00,0x00,0x00,0x00,0x00,0x00,0x00,0x00,0x00,0x00,0x00,0x00,0x00,0x00,0x00,0x00,0x00,0x00,0x00,0x00,0x00,0x00,
	0x00,0x00,0x00,0x00,0x00,0x00,0x00,0x00,0x00,0x00,0x00,0x00,0x00,0x00,0x00,0x00,0x00,0x00,0x00,0x00,0x00,0x00,0x00,0x00,
	0x00,0x00,0x00,0x00,0x00,0x00,0x00,0x00,0x00,0x00,0x00,0x00,0x00,0x00,0x00,0x00,0x00,0x00,0x00,0x00,0x00,0x00,0x00,0x00,
	0x00,0x00,0x00,0x00,0x00,0x00,0x00,0x00,0x00,0x00,0x00,0x00,0x00,0x00,0x00,0x00,0x00,0x00,0x00,0x00,0x00,0x00,0x00,0x00,
	0x00,0x00,0x00,0x00,0x00,0x00,0x00,0x00,0x00,0x00,0x00,0x00,0x00,0x00,0x00,0x00,0x00,0x00,0x00,0x00,0x00,0x00,0x00,0x00,
	0x00,0x00,0x00,0x00,0x00,0x00,0x00,0x00,0x00,0x00,0x00,0x00,0x00,0x00,0x00,0x00,0x00,0x00,0x00,0x00,0x00,0x00,0x00,0x00,
	0x00,0x00,0x00,0x00,0x00,0x00,0x00,0x00,0x00,0x00,0x00,0x00,0x00,0x00,0x00,0x00,0x00,0x00,0x00,0x00,0x00,0x00,0x00,0x00,
	0x00,0x00,0x00,0x00,0x00,0x00,0x00,0x00,0x00,0x00,0x00,0x00,0x00,0x00,0x00,0x00,0x00,0x00,0x00,0x00,0x00,0x00,0x00,0x00,
	0x00,0x00,0x00,0x00,0x00,0x00,0x00,0x00,0x00,0x00,0x00,0x00,0x00,0x00,0x00,0x00,0x00,0x00,0x00,0x00,0x00,0x00,0x00,0x00,
	0x00,0x00,0x00,0x00,0x00,0x00,0x00,0x00,0x00,0x00,0x00,0x00,0x00,0x00,0x00,0x00,0x00,0x00,0x00,0x00,0x00,0x00,0x00,0x00,
	0x00,0x00,0x00,0x00,0x00,0x00,0x00,0x00,0x00,0x00,0x00,0x00,0x00,0x00,0x00,0x00,0x00,0x00,0x00,0x00,0x00,0x00,0x00,0x00,
	0x00,0x00,0x00,0x00,0x00,0x00,0x00,0x00,0x00,0x00,0x00,0x00,0x00,0x00,0x00,0x00,0x00,0x00,0x00,0x00,0x00,0x00,0x00,0x00,
	0x00,0x00,0x00,0x00,0x00,0x00,0x00,0x00,0x00,0x00,0x00,0x00,0x00,0x00,0x00,0x00,0x00,0x00,0x00,0x00,0x00,0x00,0x00,0x00,
	0x00,0x00,0x00,0x00,0x00,0x00,0x00,0x00,0x00,0x00,0x00,0x00,0x00,0x00,0x00,0x00,0x00,0x00,0x00,0x00,0x00,0x00,0x00,0x00,
	0x00,0x00,0x00,0x00,0x00,0x00,0x00,0x00,0x00,0x00,0x00,0x00,0x00,0x00,0x00,0x00,0x00,0x00,0x00,0x00,0x00,0x00,0x00,0x00,
	0x00,0x00,0x00,0x00,0x00,0x00,0x00,0x00,0x00,0x00,0x00,0x00,0x00,0x00,0x00,0x00,0x00,0x00,0x00,0x00,0x00,0x00,0x00,0x00,
	0x00,0x00,0x00,0x00,0x00,0x00,0x00,0x00,0x00,0x00,0x00,0x00,0x00,0x00,0x00,0x00,0x00,0x00,0x00,0x00,0x00,0x00,0x00,0x00,
	0x00,0x00,0x00,0x00,0x00,0x00,0x00,0x00,0x00,0x00,0x00,0x00,0x00,0x00,0x00,0x00,0x00,0x00,0x00,0x00,0x00,0x00,0x00,0x00,
	0x00,0x00,0x00,0x00,0x00,0x00,0x00,0x00,0x00,0x00,0x00,0x00,0x00,0x00,0x00,0x00,0x00,0x00,0x00,0x00,0x00,0x00,0x00,0x00,
	0x00,0x00,0x00,0x00,0x00,0x00,0x00,0x00,0x00,0x00,0x00,0x00,0x00,0x00,0x00,0x00,0x00,0x00,0x00,0x00,0x00,0x00,0x00,0x00,
	0x00,0x00,0x00,0x00,0x00,0x00,0x00,0x00,0x00,0x00,0x00,0x00,0x00,0x00,0x00,0x00,0x00,0x00,0x00,0x00,0x00,0x00,0x00,0x00,
	0x00,0x00,0x00,0x00,0x00,0x00,0x00,0x00,0x00,0x00,0x00,0x00,0x00,0x00,0x00,0x00,0x00,0x00,0x00,0x00,0x00,0x00,0x00,0x00,
	0x00,0x00,0x00,0x00,0x00,0x00,0x00,0x00,0x00,0x00,0x00,0x00,0x00,0x00,0x00,0x00,0x00,0x00,0x00,0x00,0x00,0x00,0x00,0x00,
	0x00,0x00,0x00,0x00,0x00,0x00,0x00,0x00,0x00,0x00,0x00,0x00,0x00,0x00,0x00,0x00,0x00,0x00,0x00,0x00,0x00,0x00,0x00,0x00,
	0x00,0x00,0x00,0x00,0x00,0x00,0x00,0x00,0x00,0x00,0x00,0x00,0x00,0x00,0x00,0x00,0x00,0x00,0x00,0x00,0x00,0x00,0x00,0x00,
	0x00,0x00,0x00,0x00,0x00,0x00,0x00,0x00,0x00,0x00,0x00,0x00,0x00,0x00,0x00,0x00,0x00,0x00,0x00,0x00,0x00,0x00,0x00,0x00,
	0x00,0x00,0x00,0x00,0x00,0x00,0x00,0x00,0x00,0x00,0x00,0x00,0x00,0x00,0x00,0x00,0x00,0x00,0x00,0x00,0x00,0x00,0x00,0x00,
	0x00,0x00,0x00,0x00,0x00,0x00,0x00,0x00,0x00,0x00,0x00,0x00,0x00,0x00,0x00,0x00,0x00,0x00,0x00,0x00,0x00,0x00,0x00,0x00,
	0x00,0x00,0x00,0x00,0x00,0x00,0x00,0x00,0x00,0x00,0x00,0x00,0x00,0x00,0x00,0x00,0x00,0x00,0x00,0x00,0x00,0x00,0x00,0x00,
	0x00,0x00,0x00,0x00,0x00,0x00,0x00,0x00,0x00,0x00,0x00,0x00,0x00,0x00,0x00,0x00,0x00,0x00,0x00,0x00,0x00,0x00,0x00,0x00,
	0x00,0x00,0x00,0x00,0x00,0x00,0x00,0x00,0x00,0x00,0x00,0x00,0x00,0x00,0x00,0x00,0x00,0x00,0x00,0x00,0x00,0x00,0x00,0x00,
	0x00,0x00,0x00,0x00,0x00,0x00,0x00,0x00,0x00,0x00,0x00,0x00,0x00,0x00,0x00,0x00,0x00,0x00,0x00,0x00,0x00,0x00,0x00,0x00,
	0x00,0x00,0x00,0x00,0x00,0x00,0x00,0x00,0x00,0x00,0x00,0x00,0x00,0x00,0x00,0x00,0x00,0x00,0x00,0x00,0x00,0x00,0x00,0x00,
	0x00,0x00,0x00,0x00,0x00,0x00,0x00,0x00,0x00,0x00,0x00,0x00,0x00,0x00,0x00,0x00,0x00,0x00,0x00,0x00,0x00,0x00,0x00,0x00,
	0x00,0x00,0x00,0x00,0x00,0x00,0x00,0x00,0x00,0x00,0x00,0x00,0x00,0x00,0x00,0x00,0x00,0x00,0x00,0x00,0x00,0x00,0x00,0x00,
	0x00,0x00,0x00,0x00,0x00,0x00,0x00,0x00,0x00,0x00,0x00,0x00,0x00,0x00,0x00,0x00,0x00,0x00,0x00,0x00,0x00,0x00,0x00,0x00,
	0x00,0x00,0x00,0x00,0x00,0x00,0x00,0x00,0x00,0x00,0x00,0x00,0x00,0x00,0x00,0x00,0x00,0x00,0x00,0x00,0x00,0x00,0x00,0x00,
	0x00,0x00,0x00,0x00,0x00,0x00,0x00,0x00,0x00,0x00,0x00,0x00,0x00,0x00,0x00,0x00,0x00,0x00,0x00,0x00,0x00,0x00,0x00,0x00,
	0x00,0x00,0x00,0x00,0x00,0x00,0x00,0x00,0x00,0x00,0x00,0x00,0x00,0x00,0x00,0x00,0x00,0x00,0x00,0x00,0x00,0x00,0x00,0x00,
	0x00,0x00,0x00,0x00,0x00,0x00,0x00,0x00,0x00,0x00,0x00,0x00,0x00,0x00,0x00,0x00,0x00,0x00,0x00,0x00,0x00,0x00,0x00,0x00,
	0x00,0x00,0x00,0x00,0x0b,0x00,0x28,0x00,0x5c,0x13,0x00,0x00,0x28,0x00,0x00,0x00,0x28,0x00,0x00,0x00,0x70,0x73,0x70,0x5f,
	0x6c,0x6f,0x6f,0x70,0x5f,0x30,0x34,0x5f,0x73,0x70,0x65,0x65,0x64,0x31,0x2e,0x6d,0x61,0x78,0x00,0x00,0xb1,0x80,0x00,0x00,
	0x10,0x00,0x00,0x00,0x00,0x00,0x00,0x00,0x00,0x80,0xbb,0x44,0xb2,0x80,0x00,0x00,0x0c,0x00,0x00,0x00,0x00,0x00,0xf0,0x41,
	0xb3,0x80,0x00,0x00,0x18,0x00,0x00,0x00,0x00,0x10,0x04,0x00,0x47,0x00,0x00,0x00,0x00,0x00,0x00,0x00,0x00,0x00,0x0c,0x00,
	0xb3,0x80,0x00,0x00,0x18,0x00,0x00,0x00,0x00,0x10,0x04,0x00,0x43,0x00,0x00,0x00,0x00,0x00,0x00,0x00,0x01,0x00,0x0c,0x00,
	0x0c,0x00,0x1c,0x00,0xe8,0x10,0x00,0x00,0xe8,0x10,0x00,0x00,0x2c,0x00,0x00,0x00,0x66,0x63,0x75,0x72,0x76,0x65,0x2d,0x30,
	0x00,0x00,0x00,0x00,0x01,0x00,0x00,0x00,0x10,0x00,0x00,0x00,0x3f,0x00,0x00,0x00,0x00,0x00,0x00,0x00,0x00,0x00,0x00,0x00,
	0x00,0x00,0x80,0x3f,0x00,0x00,0x00,0x00,0x00,0x00,0x00,0x00,0x00,0x00,0x00,0x00,0x00,0x00,0x00,0x00,0x76,0x1b,0x44,0x3f,
	0xc1,0x8d,0x24,0xbf,0x00,0x00,0x00,0x00,0x00,0x00,0x00,0x00,0xc1,0x8d,0x24,0x3f,0x76,0x1b,0x44,0x3f,0x00,0x00,0x00,0x00,
	0x00,0x00,0x00,0x00,0x00,0x00,0x00,0x00,0x00,0x00,0x00,0x00,0x00,0x00,0x80,0x3f,0x00,0x00,0x00,0x40,0x00,0x00,0x80,0x3f,
	0x00,0x00,0x00,0x00,0x00,0x00,0x00,0x00,0x00,0x00,0x00,0x00,0x00,0x00,0x00,0x00,0xd0,0xd5,0x4a,0x3f,0x73,0x2f,0x1c,0xbf,
	0x00,0x00,0x00,0x00,0x00,0x00,0x00,0x00,0x73,0x2f,0x1c,0x3f,0xd0,0xd5,0x4a,0x3f,0x00,0x00,0x00,0x00,0x00,0x00,0x00,0x00,
	0x00,0x00,0x00,0x00,0x00,0x00,0x00,0x00,0x00,0x00,0x80,0x3f,0x00,0x00,0xa0,0x40,0x00,0x00,0x80,0x3f,0x00,0x00,0x00,0x00,
	0x00,0x00,0x00,0x00,0x00,0x00,0x00,0x00,0x00,0x00,0x00,0x00,0xcb,0xbb,0x52,0x3f,0x4b,0x5a,0x11,0xbf,0x00,0x00,0x00,0x00,
	0x00,0x00,0x00,0x00,0x4b,0x5a,0x11,0x3f,0xcb,0xbb,0x52,0x3f,0x00,0x00,0x00,0x00,0x00,0x00,0x00,0x00,0x00,0x00,0x00,0x00,
	0x00,0x00,0x00,0x00,0x00,0x00,0x80,0x3f,0x00,0x00,0x10,0x41,0x00,0x00,0x80,0x3f,0x00,0x00,0x00,0x00,0x00,0x00,0x00,0x00,
	0x00,0x00,0x00,0x00,0x00,0x00,0x00,0x00,0xce,0x00,0x5b,0x3f,0xd6,0x90,0x04,0xbf,0x00,0x00,0x00,0x00,0x00,0x00,0x00,0x00,
	0xd6,0x90,0x04,0x3f,0xce,0x00,0x5b,0x3f,0x00,0x00,0x00,0x00,0x00,0x00,0x00,0x00,0x00,0x00,0x00,0x00,0x00,0x00,0x00,0x00,
	0x00,0x00,0x80,0x3f,0x00,0x00,0x60,0x41,0x00,0x00,0x80,0x3f,0x00,0x00,0x00,0x00,0x00,0x00,0x00,0x00,0x00,0x00,0x00,0x00,
	0x00,0x00,0x00,0x00,0x6c,0x22,0x63,0x3f,0x83,0x2f,0xec,0xbe,0x00,0x00,0x00,0x00,0x00,0x00,0x00,0x00,0x83,0x2f,0xec,0x3e,
	0x6c,0x22,0x63,0x3f,0x00,0x00,0x00,0x00,0x00,0x00,0x00,0x00,0x00,0x00,0x00,0x00,0x00,0x00,0x00,0x00,0x00,0x00,0x80,0x3f,
	0x00,0x00,0xa0,0x41,0x00,0x00,0x80,0x3f,0x00,0x00,0x00,0x00,0x00,0x00,0x00,0x00,0x00,0x00,0x00,0x00,0x00,0x00,0x00,0x00,
	0x8c,0xbe,0x6a,0x3f,0x18,0x44,0xcc,0xbe,0x00,0x00,0x00,0x00,0x00,0x00,0x00,0x00,0x18,0x44,0xcc,0x3e,0x8c,0xbe,0x6a,0x3f,
	0x00,0x00,0x00,0x00,0x00,0x00,0x00,0x00,0x00,0x00,0x00,0x00,0x00,0x00,0x00,0x00,0x00,0x00,0x80,0x3f,0x00,0x00,0xd8,0x41,
	0x00,0x00,0x80,0x3f,0x00,0x00,0x00,0x00,0x00,0x00,0x00,0x00,0x00,0x00,0x00,0x00,0x00,0x00,0x00,0x00,0xc7,0x83,0x71,0x3f,
	0xa8,0xc8,0xa9,0xbe,0x00,0x00,0x00,0x00,0x00,0x00,0x00,0x00,0xa8,0xc8,0xa9,0x3e,0xc7,0x83,0x71,0x3f,0x00,0x00,0x00,0x00,
	0x00,0x00,0x00,0x00,0x00,0x00,0x00,0x00,0x00,0x00,0x00,0x00,0x00,0x00,0x80,0x3f,0x00,0x00,0x0c,0x42,0x00,0x00,0x80,0x3f,
	0x00,0x00,0x00,0x00,0x00,0x00,0x00,0x00,0x00,0x00,0x00,0x00,0x00,0x00,0x00,0x00,0xe4,0x2d,0x77,0x3f,0x0c,0x3e,0x85,0xbe,
	0x00,0x00,0x00,0x00,0x00,0x00,0x00,0x00,0x0c,0x3e,0x85,0x3e,0xe4,0x2d,0x77,0x3f,0x00,0x00,0x00,0x00,0x00,0x00,0x00,0x00,
	0x00,0x00,0x00,0x00,0x00,0x00,0x00,0x00,0x00,0x00,0x80,0x3f,0x00,0x00,0x30,0x42,0x00,0x00,0x80,0x3f,0x00,0x00,0x00,0x00,
	0x00,0x00,0x00,0x00,0x00,0x00,0x00,0x00,0x00,0x00,0x00,0x00,0x05,0x87,0x7b,0x3f,0x9f,0x93,0x3e,0xbe,0x00,0x00,0x00,0x00,
	0x00,0x00,0x00,0x00,0x9f,0x93,0x3e,0x3e,0x05,0x87,0x7b,0x3f,0x00,0x00,0x00,0x00,0x00,0x00,0x00,0x00,0x00,0x00,0x00,0x00,
	0x00,0x00,0x00,0x00,0x00,0x00,0x80,0x3f,0x00,0x00,0x58,0x42,0x00,0x00,0x80,0x3f,0x00,0x00,0x00,0x00,0x00,0x00,0x00,0x00,
	0x00,0x00,0x00,0x00,0x00,0x00,0x00,0x00,0x2b,0x6c,0x7e,0x3f,0xa8,0x01,0xe3,0xbd,0x00,0x00,0x00,0x00,0x00,0x00,0x00,0x00,
	0xa8,0x01,0xe3,0x3d,0x2b,0x6c,0x7e,0x3f,0x00,0x00,0x00,0x00,0x00,0x00,0x00,0x00,0x00,0x00,0x00,0x00,0x00,0x00,0x00,0x00,
	0x00,0x00,0x80,0x3f,0x00,0x00,0x80,0x42,0x00,0x00,0x80,0x3f,0x00,0x00,0x00,0x00,0x00,0x00,0x00,0x00,0x00,0x00,0x00,0x00,
	0x00,0x00,0x00,0x00,0xa4,0xc3,0x7f,0x3f,0x8b,0xc5,0x2f,0xbd,0x00,0x00,0x00,0x00,0x00,0x00,0x00,0x00,0x8b,0xc5,0x2f,0x3d,
	0xa4,0xc3,0x7f,0x3f,0x00,0x00,0x00,0x00,0x00,0x00,0x00,0x00,0x00,0x00,0x00,0x00,0x00,0x00,0x00,0x00,0x00,0x00,0x80,0x3f,
	0x00,0x00,0x94,0x42,0x00,0x00,0x80,0x3f,0x00,0x00,0x00,0x00,0x00,0x00,0x00,0x00,0x00,0x00,0x00,0x00,0x00,0x00,0x00,0x00,
	0xf9,0xf5,0x7f,0x3f,0x7b,0x4d,0x8f,0x3c,0x00,0x00,0x00,0x00,0x00,0x00,0x00,0x00,0x7b,0x4d,0x8f,0xbc,0xf9,0xf5,0x7f,0x3f,
	0x00,0x00,0x00,0x00,0x00,0x00,0x00,0x00,0x00,0x00,0x00,0x00,0x00,0x00,0x00,0x00,0x00,0x00,0x80,0x3f,0x00,0x00,0xa6,0x42,
	0x00,0x00,0x80,0x3f,0x00,0x00,0x00,0x00,0x00,0x00,0x00,0x00,0x00,0x00,0x00,0x00,0x00,0x00,0x00,0x00,0x32,0x75,0x7f,0x3f,
	0xef,0x38,0x85,0x3d,0x00,0x00,0x00,0x00,0x00,0x00,0x00,0x00,0xef,0x38,0x85,0xbd,0x32,0x75,0x7f,0x3f,0x00,0x00,0x00,0x00,
	0x00,0x00,0x00,0x00,0x00,0x00,0x00,0x00,0x00,0x00,0x00,0x00,0x00,0x00,0x80,0x3f,0x00,0x00,0xb8,0x42,0x00,0x00,0x80,0x3f,
	0x00,0x00,0x00,0x00,0x00,0x00,0x00,0x00,0x00,0x00,0x00,0x00,0x00,0x00,0x00,0x00,0xb8,0x91,0x7e,0x3f,0xce,0x39,0xd8,0x3d,
	0x00,0x00,0x00,0x00,0x00,0x00,0x00,0x00,0xce,0x39,0xd8,0xbd,0xb8,0x91,0x7e,0x3f,0x00,0x00,0x00,0x00,0x00,0x00,0x00,0x00,
	0x00,0x00,0x00,0x00,0x00,0x00,0x00,0x00,0x00,0x00,0x80,0x3f,0x00,0x00,0xc8,0x42,0x00,0x00,0x80,0x3f,0x00,0x00,0x00,0x00,
	0x00,0x00,0x00,0x00,0x00,0x00,0x00,0x00,0x00,0x00,0x00,0x00,0x05,0xa8,0x7d,0x3f,0x46,0x3f,0x0a,0x3e,0x00,0x00,0x00,0x00,
	0x00,0x00,0x00,0x00,0x46,0x3f,0x0a,0xbe,0x05,0xa8,0x7d,0x3f,0x00,0x00,0x00,0x00,0x00,0x00,0x00,0x00,0x00,0x00,0x00,0x00,
	0x00,0x00,0x00,0x00,0x00,0x00,0x80,0x3f,0x00,0x00,0xd8,0x42,0x00,0x00,0x80,0x3f,0x00,0x00,0x00,0x00,0x00,0x00,0x00,0x00,
	0x00,0x00,0x00,0x00,0x00,0x00,0x00,0x00,0xab,0xd0,0x7c,0x3f,0xab,0x06,0x21,0x3e,0x00,0x00,0x00,0x00,0x00,0x00,0x00,0x00,
	0xab,0x06,0x21,0xbe,0xab,0xd0,0x7c,0x3f,0x00,0x00,0x00,0x00,0x00,0x00,0x00,0x00,0x00,0x00,0x00,0x00,0x00,0x00,0x00,0x00,
	0x00,0x00,0x80,0x3f,0x00,0x00,0xe6,0x42,0x00,0x00,0x80,0x3f,0x00,0x00,0x00,0x00,0x00,0x00,0x00,0x00,0x00,0x00,0x00,0x00,
	0x00,0x00,0x00,0x00,0xba,0x49,0x7c,0x3f,0x8c,0xbf,0x2d,0x3e,0x00,0x00,0x00,0x00,0x00,0x00,0x00,0x00,0x8c,0xbf,0x2d,0xbe,
	0xba,0x49,0x7c,0x3f,0x00,0x00,0x00,0x00,0x00,0x00,0x00,0x00,0x00,0x00,0x00,0x00,0x00,0x00,0x00,0x00,0x00,0x00,0x80,0x3f,
	0x00,0x00,0xf4,0x42,0x00,0x00,0x80,0x3f,0x00,0x00,0x00,0x00,0x00,0x00,0x00,0x00,0x00,0x00,0x00,0x00,0x00,0x00,0x00,0x00,
	0xd7,0x14,0x7c,0x3f,0xea,0x7a,0x32,0x3e,0x00,0x00,0x00,0x00,0x00,0x00,0x00,0x00,0xea,0x7a,0x32,0xbe,0xd7,0x14,0x7c,0x3f,
	0x00,0x00,0x00,0x00,0x00,0x00,0x00,0x00,0x00,0x00,0x00,0x00,0x00,0x00,0x00,0x00,0x00,0x00,0x80,0x3f,0x00,0x80,0xae,0x43,
	0x00,0x00,0x80,0x3f,0x00,0x00,0x00,0x00,0x00,0x00,0x00,0x00,0x00,0x00,0x00,0x00,0x00,0x00,0x00,0x00,0xf1,0x2d,0x78,0x3f,
	0x84,0x2c,0x7b,0x3e,0x00,0x00,0x00,0x00,0x00,0x00,0x00,0x00,0x84,0x2c,0x7b,0xbe,0xf1,0x2d,0x78,0x3f,0x00,0x00,0x00,0x00,
	0x00,0x00,0x00,0x00,0x00,0x00,0x00,0x00,0x00,0x00,0x00,0x00,0x00,0x00,0x80,0x3f,0x00,0x80,0xf7,0x43,0x00,0x00,0x80,0x3f,
	0x00,0x00,0x00,0x00,0x00,0x00,0x00,0x00,0x00,0x00,0x00,0x00,0x00,0x00,0x00,0x00,0xf3,0x75,0x75,0x3f,0x90,0x65,0x91,0x3e,
	0x00,0x00,0x00,0x00,0x00,0x00,0x00,0x00,0x90,0x65,0x91,0xbe,0xf3,0x75,0x75,0x3f,0x00,0x00,0x00,0x00,0x00,0x00,0x00,0x00,
	0x00,0x00,0x00,0x00,0x00,0x00,0x00,0x00,0x00,0x00,0x80,0x3f,0x00,0x00,0x1c,0x44,0x00,0x00,0x80,0x3f,0x00,0x00,0x00,0x00,
	0x00,0x00,0x00,0x00,0x00,0x00,0x00,0x00,0x00,0x00,0x00,0x00,0x60,0x57,0x73,0x3f,0x82,0x02,0x9f,0x3e,0x00,0x00,0x00,0x00,
	0x00,0x00,0x00,0x00,0x82,0x02,0x9f,0xbe,0x60,0x57,0x73,0x3f,0x00,0x00,0x00,0x00,0x00,0x00,0x00,0x00,0x00,0x00,0x00,0x00,
	0x00,0x00,0x00,0x00,0x00,0x00,0x80,0x3f,0x00,0x80,0x3b,0x44,0x00,0x00,0x80,0x3f,0x00,0x00,0x00,0x00,0x00,0x00,0x00,0x00,
	0x00,0x00,0x00,0x00,0x00,0x00,0x00,0x00,0x43,0xc8,0x71,0x3f,0xe1,0x40,0xa8,0x3e,0x00,0x00,0x00,0x00,0x00,0x00,0x00,0x00,
	0xe1,0x40,0xa8,0xbe,0x43,0xc8,0x71,0x3f,0x00,0x00,0x00,0x00,0x00,0x00,0x00,0x00,0x00,0x00,0x00,0x00,0x00,0x00,0x00,0x00,
	0x00,0x00,0x80,0x3f,0x00,0xc0,0x5b,0x44,0x00,0x00,0x80,0x3f,0x00,0x00,0x00,0x00,0x00,0x00,0x00,0x00,0x00,0x00,0x00,0x00,
	0x00,0x00,0x00,0x00,0x4d,0xd6,0x70,0x3f,0x2d,0x97,0xad,0x3e,0x00,0x00,0x00,0x00,0x00,0x00,0x00,0x00,0x2d,0x97,0xad,0xbe,
	0x4d,0xd6,0x70,0x3f,0x00,0x00,0x00,0x00,0x00,0x00,0x00,0x00,0x00,0x00,0x00,0x00,0x00,0x00,0x00,0x00,0x00,0x00,0x80,0x3f,
	0x00,0x00,0x7b,0x44,0x00,0x00,0x80,0x3f,0x00,0x00,0x00,0x00,0x00,0x00,0x00,0x00,0x00,0x00,0x00,0x00,0x00,0x00,0x00,0x00,
	0x63,0x97,0x70,0x3f,0x0a,0xf3,0xae,0x3e,0x00,0x00,0x00,0x00,0x00,0x00,0x00,0x00,0x0a,0xf3,0xae,0xbe,0x63,0x97,0x70,0x3f,
	0x00,0x00,0x00,0x00,0x00,0x00,0x00,0x00,0x00,0x00,0x00,0x00,0x00,0x00,0x00,0x00,0x00,0x00,0x80,0x3f,0x00,0x80,0x7e,0x44,
	0x00,0x00,0x80,0x3f,0x00,0x00,0x00,0x00,0x00,0x00,0x00,0x00,0x00,0x00,0x00,0x00,0x00,0x00,0x00,0x00,0xaf,0x24,0x71,0x3f,
	0xeb,0xe1,0xab,0x3e,0x00,0x00,0x00,0x00,0x00,0x00,0x00,0x00,0xeb,0xe1,0xab,0xbe,0xaf,0x24,0x71,0x3f,0x00,0x00,0x00,0x00,
	0x00,0x00,0x00,0x00,0x00,0x00,0x00,0x00,0x00,0x00,0x00,0x00,0x00,0x00,0x80,0x3f,0x00,0x20,0x81,0x44,0x00,0x00,0x80,0x3f,
	0x00,0x00,0x00,0x00,0x00,0x00,0x00,0x00,0x00,0x00,0x00,0x00,0x00,0x00,0x00,0x00,0x66,0x6a,0x72,0x3f,0x4b,0x91,0xa4,0x3e,
	0x00,0x00,0x00,0x00,0x00,0x00,0x00,0x00,0x4b,0x91,0xa4,0xbe,0x66,0x6a,0x72,0x3f,0x00,0x00,0x00,0x00,0x00,0x00,0x00,0x00,
	0x00,0x00,0x00,0x00,0x00,0x00,0x00,0x00,0x00,0x00,0x80,0x3f,0x00,0x00,0x83,0x44,0x00,0x00,0x80,0x3f,0x00,0x00,0x00,0x00,
	0x00,0x00,0x00,0x00,0x00,0x00,0x00,0x00,0x00,0x00,0x00,0x00,0x57,0x3d,0x74,0x3f,0x02,0x67,0x99,0x3e,0x00,0x00,0x00,0x00,
	0x00,0x00,0x00,0x00,0x02,0x67,0x99,0xbe,0x57,0x3d,0x74,0x3f,0x00,0x00,0x00,0x00,0x00,0x00,0x00,0x00,0x00,0x00,0x00,0x00,
	0x00,0x00,0x00,0x00,0x00,0x00,0x80,0x3f,0x00,0x00,0x85,0x44,0x00,0x00,0x80,0x3f,0x00,0x00,0x00,0x00,0x00,0x00,0x00,0x00,
	0x00,0x00,0x00,0x00,0x00,0x00,0x00,0x00,0x70,0x96,0x76,0x3f,0x97,0x8e,0x89,0x3e,0x00,0x00,0x00,0x00,0x00,0x00,0x00,0x00,
	0x97,0x8e,0x89,0xbe,0x70,0x96,0x76,0x3f,0x00,0x00,0x00,0x00,0x00,0x00,0x00,0x00,0x00,0x00,0x00,0x00,0x00,0x00,0x00,0x00,
	0x00,0x00,0x80,0x3f,0x00,0x20,0x87,0x44,0x00,0x00,0x80,0x3f,0x00,0x00,0x00,0x00,0x00,0x00,0x00,0x00,0x00,0x00,0x00,0x00,
	0x00,0x00,0x00,0x00,0x0b,0x46,0x79,0x3f,0xca,0x31,0x69,0x3e,0x00,0x00,0x00,0x00,0x00,0x00,0x00,0x00,0xca,0x31,0x69,0xbe,
	0x0b,0x46,0x79,0x3f,0x00,0x00,0x00,0x00,0x00,0x00,0x00,0x00,0x00,0x00,0x00,0x00,0x00,0x00,0x00,0x00,0x00,0x00,0x80,0x3f,
	0x00,0x40,0x89,0x44,0x00,0x00,0x80,0x3f,0x00,0x00,0x00,0x00,0x00,0x00,0x00,0x00,0x00,0x00,0x00,0x00,0x00,0x00,0x00,0x00,
	0xc2,0xdb,0x7b,0x3f,0x19,0x73,0x37,0x3e,0x00,0x00,0x00,0x00,0x00,0x00,0x00,0x00,0x19,0x73,0x37,0xbe,0xc2,0xdb,0x7b,0x3f,
	0x00,0x00,0x00,0x00,0x00,0x00,0x00,0x00,0x00,0x00,0x00,0x00,0x00,0x00,0x00,0x00,0x00,0x00,0x80,0x3f,0x00,0x80,0x8b,0x44,
	0x00,0x00,0x80,0x3f,0x00,0x00,0x00,0x00,0x00,0x00,0x00,0x00,0x00,0x00,0x00,0x00,0x00,0x00,0x00,0x00,0x31,0x25,0x7e,0x3f,
	0x66,0x15,0xf6,0x3d,0x00,0x00,0x00,0x00,0x00,0x00,0x00,0x00,0x66,0x15,0xf6,0xbd,0x31,0x25,0x7e,0x3f,0x00,0x00,0x00,0x00,
	0x00,0x00,0x00,0x00,0x00,0x00,0x00,0x00,0x00,0x00,0x00,0x00,0x00,0x00,0x80,0x3f,0x00,0x00,0x8e,0x44,0x00,0x00,0x80,0x3f,
	0x00,0x00,0x00,0x00,0x00,0x00,0x00,0x00,0x00,0x00,0x00,0x00,0x00,0x00,0x00,0x00,0xe5,0xb8,0x7f,0x3f,0x93,0xc8,0x3e,0x3d,
	0x00,0x00,0x00,0x00,0x00,0x00,0x00,0x00,0x93,0xc8,0x3e,0xbd,0xe5,0xb8,0x7f,0x3f,0x00,0x00,0x00,0x00,0x00,0x00,0x00,0x00,
	0x00,0x00,0x00,0x00,0x00,0x00,0x00,0x00,0x00,0x00,0x80,0x3f,0x00,0xc0,0x90,0x44,0x00,0x00,0x80,0x3f,0x00,0x00,0x00,0x00,
	0x00,0x00,0x00,0x00,0x00,0x00,0x00,0x00,0x00,0x00,0x00,0x00,0xd2,0xc4,0x7f,0x3f,0x3d,0x0f,0x2e,0xbd,0x00,0x00,0x00,0x00,
	0x00,0x00,0x00,0x00,0x3d,0x0f,0x2e,0x3d,0xd2,0xc4,0x7f,0x3f,0x00,0x00,0x00,0x00,0x00,0x00,0x00,0x00,0x00,0x00,0x00,0x00,
	0x00,0x00,0x00,0x00,0x00,0x00,0x80,0x3f,0x00,0x40,0x93,0x44,0x00,0x00,0x80,0x3f,0x00,0x00,0x00,0x00,0x00,0x00,0x00,0x00,
	0x00,0x00,0x00,0x00,0x00,0x00,0x00,0x00,0x77,0xdb,0x7d,0x3f,0x76,0x36,0x04,0xbe,0x00,0x00,0x00,0x00,0x00,0x00,0x00,0x00,
	0x76,0x36,0x04,0x3e,0x77,0xdb,0x7d,0x3f,0x00,0x00,0x00,0x00,0x00,0x00,0x00,0x00,0x00,0x00,0x00,0x00,0x00,0x00,0x00,0x00,
	0x00,0x00,0x80,0x3f,0x00,0x80,0x95,0x44,0x00,0x00,0x80,0x3f,0x00,0x00,0x00,0x00,0x00,0x00,0x00,0x00,0x00,0x00,0x00,0x00,
	0x00,0x00,0x00,0x00,0x0a,0x49,0x7a,0x3f,0x63,0x28,0x57,0xbe,0x00,0x00,0x00,0x00,0x00,0x00,0x00,0x00,0x63,0x28,0x57,0x3e,
	0x0a,0x49,0x7a,0x3f,0x00,0x00,0x00,0x00,0x00,0x00,0x00,0x00,0x00,0x00,0x00,0x00,0x00,0x00,0x00,0x00,0x00,0x00,0x80,0x3f,
	0x00,0xc0,0x97,0x44,0x00,0x00,0x80,0x3f,0x00,0x00,0x00,0x00,0x00,0x00,0x00,0x00,0x00,0x00,0x00,0x00,0x00,0x00,0x00,0x00,
	0xc8,0xcd,0x74,0x3f,0xb1,0xc2,0x95,0xbe,0x00,0x00,0x00,0x00,0x00,0x00,0x00,0x00,0xb1,0xc2,0x95,0x3e,0xc8,0xcd,0x74,0x3f,
	0x00,0x00,0x00,0x00,0x00,0x00,0x00,0x00,0x00,0x00,0x00,0x00,0x00,0x00,0x00,0x00,0x00,0x00,0x80,0x3f,0x00,0x00,0x9a,0x44,
	0x00,0x00,0x80,0x3f,0x00,0x00,0x00,0x00,0x00,0x00,0x00,0x00,0x00,0x00,0x00,0x00,0x00,0x00,0x00,0x00,0x10,0x58,0x6d,0x3f,
	0xa0,0xdf,0xbf,0xbe,0x00,0x00,0x00,0x00,0x00,0x00,0x00,0x00,0xa0,0xdf,0xbf,0x3e,0x10,0x58,0x6d,0x3f,0x00,0x00,0x00,0x00,
	0x00,0x00,0x00,0x00,0x00,0x00,0x00,0x00,0x00,0x00,0x00,0x00,0x00,0x00,0x80,0x3f,0x00,0x40,0x9c,0x44,0x00,0x00,0x80,0x3f,
	0x00,0x00,0x00,0x00,0x00,0x00,0x00,0x00,0x00,0x00,0x00,0x00,0x00,0x00,0x00,0x00,0x78,0xec,0x63,0x3f,0xf7,0x1f,0xe9,0xbe,
	0x00,0x00,0x00,0x00,0x00,0x00,0x00,0x00,0xf7,0x1f,0xe9,0x3e,0x78,0xec,0x63,0x3f,0x00,0x00,0x00,0x00,0x00,0x00,0x00,0x00,
	0x00,0x00,0x00,0x00,0x00,0x00,0x00,0x00,0x00,0x00,0x80,0x3f,0x00,0xa0,0x9e,0x44,0x00,0x00,0x80,0x3f,0x00,0x00,0x00,0x00,
	0x00,0x00,0x00,0x00,0x00,0x00,0x00,0x00,0x00,0x00,0x00,0x00,0xe3,0xfa,0x57,0x3f,0xa8,0x6f,0x09,0xbf,0x00,0x00,0x00,0x00,
	0x00,0x00,0x00,0x00,0xa8,0x6f,0x09,0x3f,0xe3,0xfa,0x57,0x3f,0x00,0x00,0x00,0x00,0x00,0x00,0x00,0x00,0x00,0x00,0x00,0x00,
	0x00,0x00,0x00,0x00,0x00,0x00,0x80,0x3f,0x00,0x40,0xa1,0x44,0x00,0x00,0x80,0x3f,0x00,0x00,0x00,0x00,0x00,0x00,0x00,0x00,
	0x00,0x00,0x00,0x00,0x00,0x00,0x00,0x00,0xdd,0xb1,0x48,0x3f,0x35,0xed,0x1e,0xbf,0x00,0x00,0x00,0x00,0x00,0x00,0x00,0x00,
	0x35,0xed,0x1e,0x3f,0xdd,0xb1,0x48,0x3f,0x00,0x00,0x00,0x00,0x00,0x00,0x00,0x00,0x00,0x00,0x00,0x00,0x00,0x00,0x00,0x00,
	0x00,0x00,0x80,0x3f,0x00,0xa0,0xa3,0x44,0x00,0x00,0x80,0x3f,0x00,0x00,0x00,0x00,0x00,0x00,0x00,0x00,0x00,0x00,0x00,0x00,
	0x00,0x00,0x00,0x00,0xf1,0x66,0x39,0x3f,0x23,0x87,0x30,0xbf,0x00,0x00,0x00,0x00,0x00,0x00,0x00,0x00,0x23,0x87,0x30,0x3f,
	0xf1,0x66,0x39,0x3f,0x00,0x00,0x00,0x00,0x00,0x00,0x00,0x00,0x00,0x00,0x00,0x00,0x00,0x00,0x00,0x00,0x00,0x00,0x80,0x3f,
	0x00,0xe0,0xa5,0x44,0x00,0x00,0x80,0x3f,0x00,0x00,0x00,0x00,0x00,0x00,0x00,0x00,0x00,0x00,0x00,0x00,0x00,0x00,0x00,0x00,
	0xe6,0x1e,0x2a,0x3f,0x4d,0x4c,0x3f,0xbf,0x00,0x00,0x00,0x00,0x00,0x00,0x00,0x00,0x4d,0x4c,0x3f,0x3f,0xe6,0x1e,0x2a,0x3f,
	0x00,0x00,0x00,0x00,0x00,0x00,0x00,0x00,0x00,0x00,0x00,0x00,0x00,0x00,0x00,0x00,0x00,0x00,0x80,0x3f,0x00,0x00,0xa8,0x44,
	0x00,0x00,0x80,0x3f,0x00,0x00,0x00,0x00,0x00,0x00,0x00,0x00,0x00,0x00,0x00,0x00,0x00,0x00,0x00,0x00,0x74,0x7d,0x1b,0x3f,
	0x63,0x5e,0x4b,0xbf,0x00,0x00,0x00,0x00,0x00,0x00,0x00,0x00,0x63,0x5e,0x4b,0x3f,0x74,0x7d,0x1b,0x3f,0x00,0x00,0x00,0x00,
	0x00,0x00,0x00,0x00,0x00,0x00,0x00,0x00,0x00,0x00,0x00,0x00,0x00,0x00,0x80,0x3f,0x00,0x20,0xaa,0x44,0x00,0x00,0x80,0x3f,
	0x00,0x00,0x00,0x00,0x00,0x00,0x00,0x00,0x00,0x00,0x00,0x00,0x00,0x00,0x00,0x00,0xa3,0x3e,0x0d,0x3f,0x34,0x82,0x55,0xbf,
	0x00,0x00,0x00,0x00,0x00,0x00,0x00,0x00,0x34,0x82,0x55,0x3f,0xa3,0x3e,0x0d,0x3f,0x00,0x00,0x00,0x00,0x00,0x00,0x00,0x00,
	0x00,0x00,0x00,0x00,0x00,0x00,0x00,0x00,0x00,0x00,0x80,0x3f,0x00,0x40,0xac,0x44,0x00,0x00,0x80,0x3f,0x00,0x00,0x00,0x00,
	0x00,0x00,0x00,0x00,0x00,0x00,0x00,0x00,0x00,0x00,0x00,0x00,0x0e,0x10,0x00,0x3f,0x93,0xaa,0x5d,0xbf,0x00,0x00,0x00,0x00,
	0x00,0x00,0x00,0x00,0x93,0xaa,0x5d,0x3f,0x0e,0x10,0x00,0x3f,0x00,0x00,0x00,0x00,0x00,0x00,0x00,0x00,0x00,0x00,0x00,0x00,
	0x00,0x00,0x00,0x00,0x00,0x00,0x80,0x3f,0x00,0x40,0xae,0x44,0x00,0x00,0x80,0x3f,0x00,0x00,0x00,0x00,0x00,0x00,0x00,0x00,
	0x00,0x00,0x00,0x00,0x00,0x00,0x00,0x00,0x6b,0xb6,0xea,0x3e,0x12,0x84,0x63,0xbf,0x00,0x00,0x00,0x00,0x00,0x00,0x00,0x00,
	0x12,0x84,0x63,0x3f,0x6b,0xb6,0xea,0x3e,0x00,0x00,0x00,0x00,0x00,0x00,0x00,0x00,0x00,0x00,0x00,0x00,0x00,0x00,0x00,0x00,
	0x00,0x00,0x80,0x3f,0x00,0xe0,0xaf,0x44,0x00,0x00,0x80,0x3f,0x00,0x00,0x00,0x00,0x00,0x00,0x00,0x00,0x00,0x00,0x00,0x00,
	0x00,0x00,0x00,0x00,0x75,0xe8,0xdc,0x3e,0x1f,0xf2,0x66,0xbf,0x00,0x00,0x00,0x00,0x00,0x00,0x00,0x00,0x1f,0xf2,0x66,0x3f,
	0x75,0xe8,0xdc,0x3e,0x00,0x00,0x00,0x00,0x00,0x00,0x00,0x00,0x00,0x00,0x00,0x00,0x00,0x00,0x00,0x00,0x00,0x00,0x80,0x3f,
	0x00,0x40,0xb1,0x44,0x00,0x00,0x80,0x3f,0x00,0x00,0x00,0x00,0x00,0x00,0x00,0x00,0x00,0x00,0x00,0x00,0x00,0x00,0x00,0x00,
	0x02,0x9e,0xd4,0x3e,0x09,0xe2,0x68,0xbf,0x00,0x00,0x00,0x00,0x00,0x00,0x00,0x00,0x09,0xe2,0x68,0x3f,0x02,0x9e,0xd4,0x3e,
	0x00,0x00,0x00,0x00,0x00,0x00,0x00,0x00,0x00,0x00,0x00,0x00,0x00,0x00,0x00,0x00,0x00,0x00,0x80,0x3f,0x00,0x80,0xb2,0x44,
	0x00,0x00,0x80,0x3f,0x00,0x00,0x00,0x00,0x00,0x00,0x00,0x00,0x00,0x00,0x00,0x00,0x00,0x00,0x00,0x00,0x6b,0x82,0xd0,0x3e,
	0x46,0xcf,0x69,0xbf,0x00,0x00,0x00,0x00,0x00,0x00,0x00,0x00,0x46,0xcf,0x69,0x3f,0x6b,0x82,0xd0,0x3e,0x00,0x00,0x00,0x00,
	0x00,0x00,0x00,0x00,0x00,0x00,0x00,0x00,0x00,0x00,0x00,0x00,0x00,0x00,0x80,0x3f,0x00,0xa0,0xb3,0x44,0x00,0x00,0x80,0x3f,
	0x00,0x00,0x00,0x00,0x00,0x00,0x00,0x00,0x00,0x00,0x00,0x00,0x00,0x00,0x00,0x00,0xab,0x41,0xd0,0x3e,0xb1,0xdd,0x69,0xbf,
	0x00,0x00,0x00,0x00,0x00,0x00,0x00,0x00,0xb1,0xdd,0x69,0x3f,0xab,0x41,0xd0,0x3e,0x00,0x00,0x00,0x00,0x00,0x00,0x00,0x00,
	0x00,0x00,0x00,0x00,0x00,0x00,0x00,0x00,0x00,0x00,0x80,0x3f,0x00,0xa0,0xb4,0x44,0x00,0x00,0x80,0x3f,0x00,0x00,0x00,0x00,
	0x00,0x00,0x00,0x00,0x00,0x00,0x00,0x00,0x00,0x00,0x00,0x00,0x79,0x59,0xd3,0x3e,0xd4,0x2b,0x69,0xbf,0x00,0x00,0x00,0x00,
	0x00,0x00,0x00,0x00,0xd4,0x2b,0x69,0x3f,0x79,0x59,0xd3,0x3e,0x00,0x00,0x00,0x00,0x00,0x00,0x00,0x00,0x00,0x00,0x00,0x00,
	0x00,0x00,0x00,0x00,0x00,0x00,0x80,0x3f,0x00,0x80,0xb5,0x44,0x00,0x00,0x80,0x3f,0x00,0x00,0x00,0x00,0x00,0x00,0x00,0x00,
	0x00,0x00,0x00,0x00,0x00,0x00,0x00,0x00,0xe7,0x1b,0xd9,0x3e,0x38,0xd8,0x67,0xbf,0x00,0x00,0x00,0x00,0x00,0x00,0x00,0x00,
	0x38,0xd8,0x67,0x3f,0xe7,0x1b,0xd9,0x3e,0x00,0x00,0x00,0x00,0x00,0x00,0x00,0x00,0x00,0x00,0x00,0x00,0x00,0x00,0x00,0x00,
	0x00,0x00,0x80,0x3f,0x00,0x60,0xb6,0x44,0x00,0x00,0x80,0x3f,0x00,0x00,0x00,0x00,0x00,0x00,0x00,0x00,0x00,0x00,0x00,0x00,
	0x00,0x00,0x00,0x00,0xa7,0x3c,0xe2,0x3e,0xf8,0xa6,0x65,0xbf,0x00,0x00,0x00,0x00,0x00,0x00,0x00,0x00,0xf8,0xa6,0x65,0x3f,
	0xa7,0x3c,0xe2,0x3e,0x00,0x00,0x00,0x00,0x00,0x00,0x00,0x00,0x00,0x00,0x00,0x00,0x00,0x00,0x00,0x00,0x00,0x00,0x80,0x3f,
	0x00,0x20,0xb7,0x44,0x00,0x00,0x80,0x3f,0x00,0x00,0x00,0x00,0x00,0x00,0x00,0x00,0x00,0x00,0x00,0x00,0x00,0x00,0x00,0x00,
	0x7a,0x34,0xed,0x3e,0x65,0xde,0x62,0xbf,0x00,0x00,0x00,0x00,0x00,0x00,0x00,0x00,0x65,0xde,0x62,0x3f,0x7a,0x34,0xed,0x3e,
	0x00,0x00,0x00,0x00,0x00,0x00,0x00,0x00,0x00,0x00,0x00,0x00,0x00,0x00,0x00,0x00,0x00,0x00,0x80,0x3f,0x00,0xe0,0xb7,0x44,
	0x00,0x00,0x80,0x3f,0x00,0x00,0x00,0x00,0x00,0x00,0x00,0x00,0x00,0x00,0x00,0x00,0x00,0x00,0x00,0x00,0xc0,0x92,0xfb,0x3e,
	0x3c,0xf7,0x5e,0xbf,0x00,0x00,0x00,0x00,0x00,0x00,0x00,0x00,0x3c,0xf7,0x5e,0x3f,0xc0,0x92,0xfb,0x3e,0x00,0x00,0x00,0x00,
	0x00,0x00,0x00,0x00,0x00,0x00,0x00,0x00,0x00,0x00,0x00,0x00,0x00,0x00,0x80,0x3f,0x00,0x80,0xb8,0x44,0x00,0x00,0x80,0x3f,
	0x00,0x00,0x00,0x00,0x00,0x00,0x00,0x00,0x00,0x00,0x00,0x00,0x00,0x00,0x00,0x00,0x8d,0x47,0x05,0x3f,0xc9,0x91,0x5a,0xbf,
	0x00,0x00,0x00,0x00,0x00,0x00,0x00,0x00,0xc9,0x91,0x5a,0x3f,0x8d,0x47,0x05,0x3f,0x00,0x00,0x00,0x00,0x00,0x00,0x00,0x00,
	0x00,0x00,0x00,0x00,0x00,0x00,0x00,0x00,0x00,0x00,0x80,0x3f,0x00,0x20,0xb9,0x44,0x00,0x00,0x80,0x3f,0x00,0x00,0x00,0x00,
	0x00,0x00,0x00,0x00,0x00,0x00,0x00,0x00,0x00,0x00,0x00,0x00,0x42,0x5b,0x0e,0x3f,0xdf,0xc4,0x54,0xbf,0x00,0x00,0x00,0x00,
	0x00,0x00,0x00,0x00,0xdf,0xc4,0x54,0x3f,0x42,0x5b,0x0e,0x3f,0x00,0x00,0x00,0x00,0x00,0x00,0x00,0x00,0x00,0x00,0x00,0x00,
	0x00,0x00,0x00,0x00,0x00,0x00,0x80,0x3f,0x00,0xa0,0xb9,0x44,0x00,0x00,0x80,0x3f,0x00,0x00,0x00,0x00,0x00,0x00,0x00,0x00,
	0x00,0x00,0x00,0x00,0x00,0x00,0x00,0x00,0x81,0xeb,0x16,0x3f,0x71,0xc8,0x4e,0xbf,0x00,0x00,0x00,0x00,0x00,0x00,0x00,0x00,
	0x71,0xc8,0x4e,0x3f,0x81,0xeb,0x16,0x3f,0x00,0x00,0x00,0x00,0x00,0x00,0x00,0x00,0x00,0x00,0x00,0x00,0x00,0x00,0x00,0x00,
	0x00,0x00,0x80,0x3f,0x00,0x20,0xba,0x44,0x00,0x00,0x80,0x3f,0x00,0x00,0x00,0x00,0x00,0x00,0x00,0x00,0x00,0x00,0x00,0x00,
	0x00,0x00,0x00,0x00,0xc0,0xcb,0x20,0x3f,0x44,0x33,0x47,0xbf,0x00,0x00,0x00,0x00,0x00,0x00,0x00,0x00,0x44,0x33,0x47,0x3f,
	0xc0,0xcb,0x20,0x3f,0x00,0x00,0x00,0x00,0x00,0x00,0x00,0x00,0x00,0x00,0x00,0x00,0x00,0x00,0x00,0x00,0x00,0x00,0x80,0x3f,
	0x00,0x80,0xba,0x44,0x00,0x00,0x80,0x3f,0x00,0x00,0x00,0x00,0x00,0x00,0x00,0x00,0x00,0x00,0x00,0x00,0x00,0x00,0x00,0x00,
	0x78,0x29,0x29,0x3f,0x6c,0x25,0x40,0xbf,0x00,0x00,0x00,0x00,0x00,0x00,0x00,0x00,0x6c,0x25,0x40,0x3f,0x78,0x29,0x29,0x3f,
	0x00,0x00,0x00,0x00,0x00,0x00,0x00,0x00,0x00,0x00,0x00,0x00,0x00,0x00,0x00,0x00,0x00,0x00,0x80,0x3f,0x00,0xe0,0xba,0x44,
	0x00,0x00,0x80,0x3f,0x00,0x00,0x00,0x00,0x00,0x00,0x00,0x00,0x00,0x00,0x00,0x00,0x00,0x00,0x00,0x00,0x1e,0x6f,0x32,0x3f,
	0x71,0x91,0x37,0xbf,0x00,0x00,0x00,0x00,0x00,0x00,0x00,0x00,0x71,0x91,0x37,0x3f,0x1e,0x6f,0x32,0x3f,0x00,0x00,0x00,0x00,
	0x00,0x00,0x00,0x00,0x00,0x00,0x00,0x00,0x00,0x00,0x00,0x00,0x00,0x00,0x80,0x3f,0x00,0x40,0xbb,0x44,0x00,0x00,0x80,0x3f,
	0x00,0x00,0x00,0x00,0x00,0x00,0x00,0x00,0x00,0x00,0x00,0x00,0x00,0x00,0x00,0x00,0x5b,0xb0,0x3c,0x3f,0x9b,0x02,0x2d,0xbf,
	0x00,0x00,0x00,0x00,0x00,0x00,0x00,0x00,0x9b,0x02,0x2d,0x3f,0x5b,0xb0,0x3c,0x3f,0x00,0x00,0x00,0x00,0x00,0x00,0x00,0x00,
	0x00,0x00,0x00,0x00,0x00,0x00,0x00,0x00,0x00,0x00,0x80,0x3f,0x00,0x80,0xbb,0x44,0x00,0x00,0x80,0x3f,0x00,0x00,0x00,0x00,
	0x00,0x00,0x00,0x00,0x00,0x00,0x00,0x00,0x00,0x00,0x00,0x00,0x76,0x1b,0x44,0x3f,0xc1,0x8d,0x24,0xbf,0x00,0x00,0x00,0x00,
	0x00,0x00,0x00,0x00,0xc1,0x8d,0x24,0x3f,0x76,0x1b,0x44,0x3f,0x00,0x00,0x00,0x00,0x00,0x00,0x00,0x00,0x00,0x00,0x00,0x00,
	0x00,0x00,0x00,0x00,0x00,0x00,0x80,0x3f,0x0c,0x00,0x1c,0x00,0x00,0x02,0x00,0x00,0x00,0x02,0x00,0x00,0x2c,0x00,0x00,0x00,
	0x66,0x63,0x75,0x72,0x76,0x65,0x2d,0x31,0x00,0x00,0x00,0x00,0x01,0x00,0x00,0x00,0x02,0x00,0x00,0x00,0x27,0x00,0x00,0x00,
	0x00,0x00,0x00,0x00,0x00,0x00,0x00,0x00,0x00,0x00,0x80,0x3f,0x00,0x00,0x00,0x00,0x00,0x00,0x90,0x41,0x4a,0x07,0x7f,0x3f,
	0x89,0xb5,0x78,0x3b,0x00,0x00,0x14,0x42,0x75,0x00,0x7c,0x3f,0xa4,0xe2,0x7f,0x3c,0x00,0x00,0x64,0x42,0x11,0xc7,0x76,0x3f,
	0xf3,0x8e,0x13,0x3d,0x00,0x00,0x9c,0x42,0xf6,0x40,0x6f,0x3f,0x4d,0xf8,0x85,0x3d,0x00,0x00,0xc8,0x42,0x42,0x60,0x65,0x3f,
	0xf4,0xfd,0xd4,0x3d,0x00,0x00,0xf8,0x42,0x10,0x93,0x58,0x3f,0xc0,0xb3,0x1d,0x3e,0x00,0x00,0x17,0x43,0xbf,0x0e,0x48,0x3f,
	0x05,0xc5,0x5f,0x3e,0x00,0x00,0x36,0x43,0xa2,0xef,0x32,0x3f,0xbc,0x20,0x9a,0x3e,0x00,0x00,0x5f,0x43,0xc6,0xa7,0x14,0x3f,
	0x75,0xb0,0xd6,0x3e,0x00,0x00,0x96,0x43,0x58,0x39,0xb4,0x3e,0x54,0xe3,0x25,0x3f,0x00,0x80,0xa7,0x43,0x8e,0x78,0x82,0x3e,
	0xb9,0xc3,0x3e,0x3f,0x00,0x80,0xb5,0x43,0x0a,0x81,0x3c,0x3e,0xbd,0xdf,0x50,0x3f,0x00,0x00,0xc2,0x43,0x47,0x1f,0x03,0x3e,
	0x2e,0x38,0x5f,0x3f,0x00,0x80,0xcd,0x43,0xa8,0x90,0xab,0x3d,0xeb,0x8d,0x6a,0x3f,0x00,0x80,0xd8,0x43,0xf2,0xee,0x48,0x3d,
	0x11,0x71,0x73,0x3f,0x00,0x80,0xe2,0x43,0xf0,0x8b,0xcb,0x3c,0xa1,0xa3,0x79,0x3f,0x00,0x00,0xec,0x43,0xd0,0x63,0x14,0x3c,
	0x71,0xae,0x7d,0x3f,0x00,0x00,0xf5,0x43,0x73,0x30,0x9b,0x3a,0x68,0xb2,0x7f,0x3f,0x00,0x00,0xfe,0x43,0xbd,0x3a,0x47,0x3a,
	0x31,0xce,0x7f,0x3f,0x00,0x80,0x03,0x44,0x98,0x4d,0x00,0x3c,0xca,0xfe,0x7d,0x3f,0x00,0x40,0x08,0x44,0x25,0x1f,0xbb,0x3c,
	0x07,0x27,0x7a,0x3f,0x00,0x40,0x0d,0x44,0x5c,0xab,0x3d,0x3d,0x4a,0x25,0x74,0x3f,0x00,0x80,0x12,0x44,0xee,0xeb,0xa0,0x3d,
	0x82,0xe2,0x6b,0x3f,0x00,0x40,0x18,0x44,0x8b,0x8d,0xf9,0x3d,0x4f,0xce,0x60,0x3f,0x00,0x80,0x1e,0x44,0xac,0x38,0x35,0x3e,
	0xd5,0xb1,0x52,0x3f,0x00,0x80,0x25,0x44,0x67,0xd4,0x7c,0x3e,0xe6,0xca,0x40,0x3f,0x00,0x00,0x2e,0x44,0x82,0x58,0xae,0x3e,
	0xbf,0xd3,0x28,0x3f,0x00,0xc0,0x3b,0x44,0x9c,0xc4,0x00,0x3f,0xc9,0x76,0xfe,0x3e,0x00,0x00,0x49,0x44,0xbf,0xd3,0x28,0x3f,
	0x82,0x58,0xae,0x3e,0x00,0x80,0x51,0x44,0xe6,0xca,0x40,0x3f,0x67,0xd4,0x7c,0x3e,0x00,0x80,0x58,0x44,0xd5,0xb1,0x52,0x3f,
	0xac,0x38,0x35,0x3e,0x00,0xc0,0x5e,0x44,0x4f,0xce,0x60,0x3f,0x8b,0x8d,0xf9,0x3d,0x00,0x80,0x64,0x44,0x82,0xe2,0x6b,0x3f,
	0xee,0xeb,0xa0,0x3d,0x00,0xc0,0x69,0x44,0x4a,0x25,0x74,0x3f,0x5c,0xab,0x3d,0x3d,0x00,0xc0,0x6e,0x44,0x07,0x27,0x7a,0x3f,
	0x25,0x1f,0xbb,0x3c,0x00,0x80,0x73,0x44,0xca,0xfe,0x7d,0x3f,0x98,0x4d,0x00,0x3c,0x00,0x00,0x78,0x44,0x31,0xce,0x7f,0x3f,
	0xbd,0x3a,0x47,0x3a,0x00,0x80,0xbb,0x44,0x00,0x00,0x80,0x3f,0x00,0x00,0x00,0x00,
};
